{"type":"FeatureCollection","features":[{"type":"Feature","properties":{"line":"red"},"geometry":{"type":"MultiLineString","coordinates":[[[-6.24992,53.3509],[-6.25006,53.35068],[-6.2501,53.35063]],[[-6.2501,53.35063],[-6.25023,53.35044],[-6.2503,53.35031],[-6.25032,53.35028],[-6.25037,53.35019],[-6.25038,53.35016],[-6.2504,53.35014],[-6.25043,53.35011],[-6.25046,53.35008],[-6.25048,53.35006],[-6.2505,53.35005],[-6.25052,53.35003],[-6.25055,53.35002],[-6.25058,53.35001],[-6.2506,53.35],[-6.25064,53.34998],[-6.25067,53.34997],[-6.2507,53.34996],[-6.25074,53.34995],[-6.25079,53.34995],[-6.25084,53.34994],[-6.25089,53.34994],[-6.25092,53.34994],[-6.25098,53.34995],[-6.25108,53.34996]],[[-6.25108,53.34996],[-6.2511,53.34997],[-6.25184,53.35015]],[[-6.25184,53.35015],[-6.25193,53.35017],[-6.25198,53.35018],[-6.25202,53.35018]],[[-6.25202,53.35018],[-6.25206,53.35018],[-6.25209,53.35018],[-6.25213,53.35018],[-6.25217,53.35018],[-6.2522,53.35017],[-6.25224,53.35016],[-6.25228,53.35015],[-6.25232,53.35013],[-6.25234,53.35011],[-6.25237,53.3501],[-6.25239,53.35008],[-6.25241,53.35006],[-6.25251,53.34989],[-6.25262,53.34971],[-6.25266,53.34966],[-6.25268,53.34965],[-6.2527,53.34963],[-6.25272,53.34962],[-6.25275,53.3496],[-6.25278,53.34958],[-6.25282,53.34956],[-6.25286,53.34955],[-6.2529,53.34954],[-6.25294,53.34954]],[[-6.25294,53.34954],[-6.253,53.34953],[-6.25305,53.34953],[-6.25326,53.34952],[-6.25341,53.3495],[-6.25347,53.3495],[-6.2536,53.34948],[-6.25373,53.34946],[-6.25388,53.34942],[-6.254,53.34939],[-6.25453,53.34923],[-6.25463,53.3492],[-6.25466,53.3492],[-6.25476,53.34917],[-6.25499,53.34911],[-6.25503,53.3491],[-6.25526,53.34906],[-6.25636,53.34887],[-6.25729,53.34872],[-6.25746,53.3487],[-6.25759,53.34868],[-6.25759,53.34867],[-6.25764,53.34867],[-6.25777,53.34865],[-6.25792,53.34863],[-6.25817,53.34859],[-6.25843,53.34855],[-6.25855,53.34853],[-6.25898,53.34846],[-6.25932,53.34841],[-6.25942,53.34839],[-6.2595,53.34839],[-6.25964,53.34837],[-6.25967,53.34837]],[[-6.25967,53.34837],[-6.25971,53.34837],[-6.25977,53.34836],[-6.25993,53.34834],[-6.25999,53.34834],[-6.26006,53.34833],[-6.26034,53.3483],[-6.26068,53.34826],[-6.26115,53.34821],[-6.26176,53.34816],[-6.26191,53.34814],[-6.26204,53.34813],[-6.26221,53.34811],[-6.26258,53.34806],[-6.26304,53.34801],[-6.26325,53.34798],[-6.26348,53.34796],[-6.26362,53.34794],[-6.26383,53.34792],[-6.26418,53.34786],[-6.26435,53.34783],[-6.26462,53.34779],[-6.26484,53.34776],[-6.2649,53.34775],[-6.26523,53.3477],[-6.26548,53.34766],[-6.26553,53.34765],[-6.26573,53.34762],[-6.26594,53.34759],[-6.2661,53.34757],[-6.26619,53.34756],[-6.26646,53.34752],[-6.26696,53.34744],[-6.26751,53.34737],[-6.2676,53.34736],[-6.26771,53.34735],[-6.2678,53.34734],[-6.26812,53.34732],[-6.26819,53.34731],[-6.26827,53.3473],[-6.26836,53.34729],[-6.26842,53.34728],[-6.26867,53.34725],[-6.26908,53.34719],[-6.26959,53.34711],[-6.26982,53.34708],[-6.27,53.34706],[-6.27027,53.34703],[-6.27061,53.34699],[-6.27087,53.34696],[-6.27113,53.34693],[-6.27141,53.3469],[-6.27155,53.34689],[-6.27179,53.34686],[-6.27203,53.34683],[-6.27234,53.3468],[-6.27246,53.34679],[-6.27255,53.34678],[-6.27261,53.34678],[-6.2727,53.34678],[-6.27278,53.34678],[-6.27282,53.34678],[-6.2729,53.34679],[-6.27305,53.34681],[-6.27318,53.34682],[-6.27368,53.34687],[-6.27385,53.34689],[-6.27414,53.34693],[-6.27461,53.34699],[-6.27491,53.34704],[-6.27504,53.34705],[-6.27514,53.34707],[-6.27522,53.34707],[-6.27531,53.34708],[-6.27543,53.34708],[-6.27574,53.34708],[-6.27628,53.34708],[-6.27673,53.34708],[-6.27689,53.34708],[-6.27693,53.34708],[-6.27698,53.34708],[-6.2771,53.34709],[-6.27727,53.3471],[-6.27734,53.3471],[-6.27736,53.3471],[-6.27764,53.34712],[-6.27779,53.34713],[-6.27803,53.34714],[-6.27812,53.34715],[-6.27823,53.34715],[-6.27825,53.34715],[-6.27833,53.34715],[-6.27848,53.34715],[-6.27858,53.34715],[-6.27865,53.34714],[-6.27872,53.34714],[-6.27883,53.34713],[-6.27892,53.34712],[-6.27903,53.34712],[-6.27913,53.34712],[-6.27921,53.34712],[-6.27928,53.34712],[-6.27942,53.34713],[-6.27962,53.34714],[-6.27982,53.34715],[-6.28003,53.34716],[-6.28007,53.34717],[-6.28016,53.34717],[-6.28023,53.34718],[-6.28084,53.34725],[-6.28173,53.34734],[-6.28233,53.3474],[-6.28288,53.34746],[-6.28295,53.34747],[-6.28302,53.34748],[-6.28313,53.34749],[-6.28349,53.34755],[-6.2841,53.34766],[-6.28438,53.3477],[-6.28483,53.34776],[-6.28495,53.34778],[-6.28511,53.3478],[-6.2852,53.3478],[-6.28534,53.34781],[-6.28633,53.34784],[-6.28673,53.34786],[-6.28712,53.34787],[-6.28924,53.34795],[-6.28954,53.34796],[-6.28984,53.34796],[-6.28993,53.34796],[-6.29035,53.34794],[-6.29052,53.34793],[-6.29074,53.34793],[-6.29103,53.34793],[-6.29125,53.34793],[-6.29137,53.34793],[-6.29146,53.34793]],[[-6.29146,53.34793],[-6.29154,53.34792],[-6.29162,53.34791],[-6.29168,53.34789],[-6.29173,53.34786],[-6.29174,53.34786],[-6.29177,53.34783],[-6.29181,53.3478],[-6.29181,53.34779],[-6.29183,53.34777],[-6.29184,53.34774],[-6.29184,53.34773],[-6.29184,53.34771],[-6.29184,53.34769],[-6.29184,53.34765]],[[-6.29184,53.34765],[-6.29178,53.34716]],[[-6.29178,53.34716],[-6.29175,53.34706],[-6.29173,53.34701],[-6.29172,53.34697],[-6.29171,53.34689],[-6.29167,53.34666],[-6.29165,53.34648],[-6.29164,53.34641],[-6.29164,53.34637],[-6.29163,53.3463],[-6.29162,53.34626],[-6.29162,53.34622],[-6.29162,53.34619]],[[-6.29162,53.34619],[-6.29162,53.34613],[-6.29161,53.34606],[-6.29158,53.34592],[-6.29157,53.34582],[-6.29156,53.34578],[-6.29151,53.34548],[-6.29149,53.34537],[-6.29148,53.34529],[-6.29143,53.34499],[-6.29135,53.34454],[-6.29126,53.34395],[-6.2912,53.34361],[-6.29118,53.34353]],[[-6.29118,53.34353],[-6.29117,53.3435],[-6.29116,53.34348],[-6.29114,53.34346],[-6.29112,53.34343],[-6.29107,53.34338],[-6.29104,53.34336],[-6.29102,53.34334],[-6.291,53.34332],[-6.29099,53.34329],[-6.29098,53.34326],[-6.29097,53.34324],[-6.29097,53.34321],[-6.29098,53.34318],[-6.29099,53.34314],[-6.29101,53.34312],[-6.29103,53.34309],[-6.29106,53.34306],[-6.29112,53.34303],[-6.29116,53.34301],[-6.29123,53.34298],[-6.29167,53.34289],[-6.29188,53.34284]],[[-6.29188,53.34284],[-6.29253,53.3427],[-6.29303,53.34259],[-6.29317,53.34256],[-6.29321,53.34255],[-6.29332,53.34253]],[[-6.29332,53.34253],[-6.29338,53.3425],[-6.29342,53.34248],[-6.29345,53.34246],[-6.29347,53.34245],[-6.29349,53.34242],[-6.2935,53.34241],[-6.29351,53.34239],[-6.29352,53.34238],[-6.29353,53.34236],[-6.29353,53.34233],[-6.29353,53.34231],[-6.29353,53.34229],[-6.29352,53.34227],[-6.29352,53.34225],[-6.2935,53.34222],[-6.29347,53.34218],[-6.29345,53.34213],[-6.2933,53.34189],[-6.29319,53.34172]],[[-6.29319,53.34172],[-6.29316,53.34166],[-6.29313,53.34163],[-6.2931,53.34161],[-6.29307,53.34159],[-6.29301,53.34156],[-6.29296,53.34155],[-6.29292,53.34154],[-6.29289,53.34153],[-6.29287,53.34153],[-6.29281,53.34153],[-6.29276,53.34153],[-6.29271,53.34153],[-6.29262,53.34155],[-6.29246,53.34158],[-6.29241,53.34159],[-6.29237,53.34159],[-6.29234,53.34159],[-6.29229,53.3416],[-6.29225,53.34159],[-6.29221,53.34159],[-6.29217,53.34158],[-6.29212,53.34158],[-6.29209,53.34157],[-6.29204,53.34155],[-6.292,53.34153],[-6.29197,53.34151],[-6.29195,53.3415],[-6.29194,53.34148],[-6.29191,53.34146],[-6.29188,53.34143],[-6.29185,53.34137],[-6.29179,53.34128],[-6.29166,53.34107]],[[-6.29166,53.34107],[-6.29157,53.34094],[-6.29151,53.34085],[-6.29149,53.34082],[-6.29136,53.34061],[-6.29128,53.34049],[-6.2912,53.34037],[-6.29117,53.34033],[-6.29114,53.34028],[-6.29109,53.3402],[-6.29099,53.34005],[-6.29089,53.33988],[-6.2908,53.33975],[-6.29075,53.33966]],[[-6.29075,53.33966],[-6.29073,53.33963],[-6.29072,53.33959],[-6.29071,53.33956],[-6.2907,53.33954],[-6.29069,53.3395],[-6.29069,53.33947],[-6.29068,53.33943],[-6.29068,53.33939],[-6.29068,53.33935],[-6.29069,53.33931],[-6.2907,53.33927],[-6.2907,53.33923],[-6.29071,53.3392],[-6.29073,53.33916],[-6.29075,53.33912],[-6.29077,53.33908],[-6.29079,53.33905],[-6.29081,53.33902],[-6.29083,53.33899],[-6.29086,53.33896],[-6.29088,53.33893],[-6.29091,53.33891],[-6.29094,53.33888],[-6.29097,53.33886],[-6.291,53.33883],[-6.29105,53.33879],[-6.29109,53.33877],[-6.29113,53.33874],[-6.2912,53.33871],[-6.29128,53.33867],[-6.29135,53.33864],[-6.29141,53.33862],[-6.29152,53.33858],[-6.29161,53.33856],[-6.29168,53.33854],[-6.29175,53.33853],[-6.29183,53.33851],[-6.2919,53.3385],[-6.29197,53.33849],[-6.29217,53.33847],[-6.29251,53.33843],[-6.29295,53.33838]],[[-6.29295,53.33838],[-6.29344,53.33833],[-6.29393,53.33828],[-6.29437,53.33822],[-6.29516,53.33814],[-6.2957,53.33807],[-6.29641,53.338]],[[-6.29641,53.338],[-6.29685,53.33795],[-6.29723,53.33791],[-6.29763,53.33787],[-6.29779,53.33785]],[[-6.29779,53.33785],[-6.29798,53.33783],[-6.29821,53.33781],[-6.29849,53.33779],[-6.29878,53.33776],[-6.29897,53.33775],[-6.29912,53.33773],[-6.29972,53.33766],[-6.30018,53.33761],[-6.30063,53.33756],[-6.30131,53.33748],[-6.30181,53.33742],[-6.30246,53.33735],[-6.3032,53.33726],[-6.30366,53.33721],[-6.3047,53.33709],[-6.30488,53.33706],[-6.30503,53.33704],[-6.3052,53.33701],[-6.30533,53.33699],[-6.30546,53.33696],[-6.30558,53.33693],[-6.30572,53.3369]],[[-6.30572,53.3369],[-6.30628,53.33675]],[[-6.30628,53.33675],[-6.30634,53.33673],[-6.30639,53.33672],[-6.30651,53.3367],[-6.30655,53.33669],[-6.30658,53.33669],[-6.30665,53.33668],[-6.30673,53.33667],[-6.30684,53.33666],[-6.30728,53.33661],[-6.30761,53.33657],[-6.30857,53.33647],[-6.30882,53.33644],[-6.3091,53.33641],[-6.3096,53.33635],[-6.30995,53.33632],[-6.3103,53.33628],[-6.31074,53.33623],[-6.31117,53.33618],[-6.31145,53.33614],[-6.31182,53.3361],[-6.31219,53.33606],[-6.3126,53.33601],[-6.31301,53.33596],[-6.3132,53.33593],[-6.31356,53.33589],[-6.31398,53.33584],[-6.31514,53.3357],[-6.31618,53.33558],[-6.31694,53.33549],[-6.31777,53.3354],[-6.31808,53.33537],[-6.31856,53.33532],[-6.31889,53.33528],[-6.31938,53.33523],[-6.32006,53.33515],[-6.32073,53.33508],[-6.32137,53.33501],[-6.32204,53.33493],[-6.32271,53.33485],[-6.32338,53.33477],[-6.32406,53.33469],[-6.32471,53.33462],[-6.32538,53.33453],[-6.32588,53.33446],[-6.32625,53.33442],[-6.32702,53.33431],[-6.32741,53.33425],[-6.32778,53.3342],[-6.32782,53.33419],[-6.32802,53.33416],[-6.32806,53.33415],[-6.32814,53.33414],[-6.32819,53.33412],[-6.32826,53.3341],[-6.32832,53.33407],[-6.32836,53.33406],[-6.3284,53.33404],[-6.32845,53.334],[-6.32847,53.33399],[-6.32851,53.33397],[-6.32855,53.33392],[-6.32857,53.3339],[-6.32859,53.33388],[-6.32863,53.33384],[-6.32872,53.33374],[-6.32881,53.33362],[-6.32902,53.33336],[-6.32917,53.33314],[-6.32928,53.33297],[-6.32933,53.33288],[-6.32945,53.33267],[-6.3295,53.33259],[-6.32955,53.3325],[-6.32966,53.33232],[-6.32974,53.33219],[-6.32985,53.33204],[-6.32988,53.332],[-6.32993,53.33194],[-6.33002,53.33182],[-6.33014,53.33169],[-6.33023,53.33159],[-6.33033,53.33149],[-6.33046,53.33136],[-6.3306,53.33123],[-6.33073,53.33112],[-6.33098,53.3309],[-6.33116,53.33075],[-6.33139,53.33056],[-6.33153,53.33046],[-6.33165,53.33037],[-6.33186,53.33023],[-6.33204,53.33012],[-6.33227,53.33],[-6.33252,53.32987],[-6.33283,53.32973],[-6.33298,53.32966],[-6.33359,53.32939],[-6.33386,53.32927],[-6.33407,53.32917],[-6.33434,53.32905],[-6.33441,53.32901],[-6.33457,53.32895],[-6.33484,53.32885],[-6.33501,53.32879],[-6.33517,53.32873],[-6.33552,53.32862],[-6.33567,53.32857],[-6.33587,53.32852],[-6.33624,53.32843],[-6.33657,53.32834],[-6.33678,53.3283],[-6.337,53.32824],[-6.33729,53.32818],[-6.33764,53.3281],[-6.33782,53.32805],[-6.33832,53.32793],[-6.33866,53.32785],[-6.33899,53.32777],[-6.33929,53.3277],[-6.33959,53.32763],[-6.34006,53.32751],[-6.34044,53.32742],[-6.34083,53.32732],[-6.34124,53.32722],[-6.34172,53.3271],[-6.34212,53.327],[-6.34255,53.3269],[-6.34277,53.32684],[-6.3429,53.3268],[-6.3431,53.32674],[-6.34355,53.32662],[-6.34375,53.32656],[-6.34402,53.32649],[-6.34452,53.32635],[-6.34467,53.3263],[-6.34503,53.3262],[-6.34548,53.32608],[-6.34585,53.32597],[-6.3461,53.3259],[-6.34642,53.3258],[-6.34679,53.32568],[-6.34721,53.32555],[-6.3478,53.32535],[-6.34836,53.32515],[-6.34911,53.32488],[-6.34954,53.32472],[-6.35012,53.32451],[-6.35061,53.32434],[-6.35094,53.32422],[-6.3512,53.32413],[-6.35158,53.32399],[-6.35169,53.32395],[-6.35189,53.32388],[-6.352,53.32384],[-6.35255,53.32363],[-6.35285,53.32353],[-6.35307,53.32344],[-6.35347,53.3233],[-6.35391,53.32314],[-6.35417,53.32304],[-6.3545,53.32293],[-6.35468,53.32286],[-6.35501,53.32274],[-6.35543,53.32259],[-6.35594,53.3224],[-6.35624,53.32229],[-6.35681,53.32209],[-6.3574,53.32188],[-6.35798,53.32168],[-6.35856,53.32146],[-6.35914,53.32126],[-6.35971,53.32105],[-6.36029,53.32084],[-6.36087,53.32063],[-6.36145,53.32043],[-6.36203,53.32022],[-6.36261,53.32001],[-6.36311,53.31982],[-6.36385,53.31955],[-6.36423,53.31942],[-6.3646,53.31928],[-6.36479,53.31922],[-6.36497,53.31916],[-6.36515,53.31911],[-6.36529,53.31908],[-6.36546,53.31904],[-6.36565,53.31901],[-6.36586,53.31899],[-6.36602,53.31898],[-6.36621,53.31897],[-6.36634,53.31897],[-6.36648,53.31897],[-6.36676,53.31897],[-6.36699,53.31897],[-6.36726,53.31896],[-6.36741,53.31895],[-6.36756,53.31894],[-6.3678,53.31891],[-6.36799,53.31889],[-6.36811,53.31887],[-6.3682,53.31885]],[[-6.3682,53.31885],[-6.36825,53.31884],[-6.36841,53.31881],[-6.36858,53.31877],[-6.36872,53.31873],[-6.36881,53.3187],[-6.36887,53.31868]],[[-6.36887,53.31868],[-6.36896,53.31865],[-6.36908,53.31861],[-6.3692,53.31856],[-6.36934,53.31849],[-6.36943,53.31844],[-6.36951,53.3184],[-6.36959,53.31834],[-6.36966,53.31827],[-6.36972,53.3182],[-6.36977,53.31814],[-6.3699,53.31796]],[[-6.3699,53.31796],[-6.36997,53.31788],[-6.37002,53.31779]],[[-6.37002,53.31779],[-6.37005,53.31774],[-6.37007,53.31772]],[[-6.37007,53.31772],[-6.37008,53.31769],[-6.3701,53.31765],[-6.3701,53.31762],[-6.37011,53.31758],[-6.37011,53.31755],[-6.3701,53.31752],[-6.37009,53.31749],[-6.37007,53.31744]],[[-6.37007,53.31744],[-6.36994,53.31708],[-6.36985,53.31685],[-6.36974,53.31657],[-6.3697,53.31647],[-6.36967,53.31641],[-6.36964,53.31636],[-6.3696,53.3163],[-6.36954,53.31624],[-6.36951,53.31622],[-6.36948,53.31619],[-6.36942,53.31615],[-6.36939,53.31613],[-6.3693,53.31609],[-6.36923,53.31605],[-6.36921,53.31605],[-6.36915,53.31603],[-6.36907,53.316],[-6.36846,53.31586],[-6.36815,53.31578],[-6.36799,53.31574],[-6.36753,53.31564],[-6.36741,53.31561],[-6.36735,53.31559],[-6.3673,53.31558],[-6.36719,53.31554],[-6.36715,53.31552],[-6.3671,53.31551],[-6.36701,53.31547],[-6.36695,53.31544],[-6.36691,53.31542],[-6.36685,53.31538],[-6.36679,53.31535],[-6.36674,53.31532],[-6.3667,53.31529],[-6.36665,53.31525],[-6.3666,53.3152],[-6.36653,53.31514],[-6.36643,53.31504],[-6.36633,53.31494],[-6.36623,53.31484],[-6.36612,53.31474],[-6.36574,53.31436],[-6.36567,53.3143],[-6.36555,53.31418],[-6.36546,53.31409],[-6.36534,53.31397],[-6.36521,53.31385],[-6.36502,53.31367],[-6.36482,53.31349],[-6.36464,53.31333],[-6.3644,53.31315],[-6.36422,53.31301],[-6.36412,53.31294],[-6.3638,53.31271],[-6.36365,53.3126],[-6.36338,53.31241],[-6.36325,53.31231],[-6.36315,53.31223],[-6.36309,53.31219],[-6.36297,53.31207],[-6.36288,53.31199],[-6.36277,53.31188],[-6.36268,53.31179],[-6.36261,53.31169],[-6.36253,53.3116],[-6.36245,53.3115],[-6.36235,53.31137],[-6.36223,53.31121],[-6.36209,53.31102],[-6.362,53.3109],[-6.3619,53.31077],[-6.3618,53.31065],[-6.36165,53.31045],[-6.36126,53.30993],[-6.3611,53.30972],[-6.36102,53.30962],[-6.36092,53.30949],[-6.36072,53.30927],[-6.36054,53.30907],[-6.36042,53.30895],[-6.36031,53.30884],[-6.36022,53.30876],[-6.36015,53.30869],[-6.36004,53.30859],[-6.35988,53.30845],[-6.35966,53.30826],[-6.35945,53.30809],[-6.35934,53.308],[-6.35926,53.30793],[-6.35919,53.30787],[-6.35913,53.30782],[-6.35906,53.30776],[-6.35902,53.30771],[-6.35895,53.30763],[-6.3589,53.30755],[-6.35888,53.30752],[-6.35886,53.30748],[-6.35884,53.30744],[-6.35881,53.30738],[-6.3588,53.30735],[-6.35879,53.30731],[-6.35878,53.30729],[-6.35877,53.30724],[-6.35877,53.30718],[-6.35876,53.30712],[-6.35876,53.30708],[-6.35876,53.30703],[-6.35876,53.307],[-6.35877,53.30696],[-6.35878,53.30692],[-6.35879,53.30688],[-6.3588,53.30684],[-6.35881,53.3068],[-6.35882,53.30677],[-6.35884,53.30674],[-6.35885,53.3067],[-6.35887,53.30667],[-6.35889,53.30664],[-6.35891,53.3066],[-6.35896,53.30653],[-6.35899,53.30649],[-6.35902,53.30645],[-6.35907,53.30641],[-6.35912,53.30635],[-6.35918,53.30631],[-6.35927,53.30624],[-6.35933,53.30619],[-6.35936,53.30617],[-6.35941,53.30615],[-6.35948,53.3061],[-6.35955,53.30607],[-6.35964,53.30602],[-6.35988,53.30591],[-6.36014,53.30579],[-6.36036,53.30569],[-6.36064,53.30556],[-6.36089,53.30544],[-6.36116,53.30532],[-6.36137,53.30523],[-6.36158,53.30513],[-6.36177,53.30504],[-6.36199,53.30494],[-6.36214,53.30487],[-6.36234,53.30479],[-6.36251,53.30471],[-6.36269,53.30463],[-6.36285,53.30457],[-6.36306,53.30448],[-6.36323,53.30441],[-6.3635,53.3043],[-6.36375,53.30421],[-6.36399,53.30412],[-6.3642,53.30404],[-6.36441,53.30397],[-6.36459,53.3039],[-6.36477,53.30384],[-6.36494,53.30379],[-6.36528,53.30368],[-6.36559,53.30358],[-6.3659,53.30348],[-6.36619,53.30338],[-6.36687,53.30317],[-6.36755,53.30295],[-6.3682,53.30274],[-6.36881,53.30252],[-6.36942,53.3023],[-6.36983,53.30214],[-6.37031,53.30194],[-6.3708,53.30172],[-6.37118,53.30155],[-6.37168,53.30132],[-6.37207,53.30113],[-6.37231,53.30102],[-6.37289,53.30075],[-6.37312,53.30064],[-6.37315,53.30062],[-6.37318,53.3006],[-6.37322,53.30057],[-6.37325,53.30055],[-6.37328,53.30052],[-6.37331,53.30048],[-6.37333,53.30045],[-6.37334,53.30041],[-6.37336,53.30038],[-6.37337,53.30035],[-6.37338,53.30031],[-6.3734,53.30028],[-6.37343,53.30024],[-6.37346,53.30021],[-6.37348,53.30019],[-6.3735,53.30018],[-6.37352,53.30015],[-6.37355,53.30013],[-6.37367,53.30005],[-6.37378,53.29997],[-6.3739,53.29988],[-6.37409,53.29975],[-6.37427,53.29964],[-6.37441,53.29955],[-6.3745,53.2995],[-6.37459,53.29945]],[[-6.37459,53.29945],[-6.37464,53.29941],[-6.37467,53.29939],[-6.37469,53.29936],[-6.37472,53.29933],[-6.37475,53.2993],[-6.37477,53.29927],[-6.37481,53.29921],[-6.37484,53.29918],[-6.3749,53.29913],[-6.37494,53.29911],[-6.37501,53.29906]],[[-6.37501,53.29906],[-6.37531,53.29889],[-6.37557,53.29872]],[[-6.37557,53.29872],[-6.37566,53.29867],[-6.37576,53.29861],[-6.37584,53.29857],[-6.3759,53.29854],[-6.37598,53.29851],[-6.37604,53.29849],[-6.3761,53.29847],[-6.3762,53.29842]],[[-6.3762,53.29842],[-6.37628,53.2984],[-6.37635,53.29837],[-6.37641,53.29833],[-6.37659,53.29822],[-6.37684,53.29806],[-6.37722,53.29783],[-6.37737,53.29775],[-6.37748,53.29769],[-6.37759,53.29764],[-6.37764,53.29761],[-6.3777,53.29758],[-6.37781,53.29754],[-6.37795,53.29749],[-6.37804,53.29746],[-6.37813,53.29743],[-6.37826,53.29739],[-6.37843,53.29735],[-6.37869,53.29729],[-6.37956,53.2971],[-6.38013,53.29698],[-6.38119,53.29675],[-6.38221,53.29652],[-6.38288,53.29638]],[[-6.38288,53.29638],[-6.38304,53.29635],[-6.38322,53.29631],[-6.38356,53.29625],[-6.38369,53.29622],[-6.38384,53.29617],[-6.38392,53.29615],[-6.38399,53.29612],[-6.38404,53.2961],[-6.38408,53.29608],[-6.38421,53.29602],[-6.38429,53.29597],[-6.38436,53.29592],[-6.38442,53.29587],[-6.38446,53.29583],[-6.3845,53.2958],[-6.38453,53.29576],[-6.38456,53.29573],[-6.38461,53.29566],[-6.38466,53.29558],[-6.38475,53.29539],[-6.3849,53.2951],[-6.38504,53.29482],[-6.38507,53.29476],[-6.38509,53.2947],[-6.3851,53.29467],[-6.38512,53.29461],[-6.38514,53.29454],[-6.38514,53.29449],[-6.38514,53.29446],[-6.38514,53.29443],[-6.38513,53.29437],[-6.38512,53.29431],[-6.38511,53.29425],[-6.3851,53.29422],[-6.38509,53.29419],[-6.38505,53.29413],[-6.38505,53.29411],[-6.38501,53.29406],[-6.38499,53.29403],[-6.38496,53.29399],[-6.38487,53.2939],[-6.3848,53.29383],[-6.38463,53.2937],[-6.38436,53.29352],[-6.38412,53.29333],[-6.38402,53.29326],[-6.38383,53.29312],[-6.38368,53.29301],[-6.38319,53.29266],[-6.38296,53.29249],[-6.38255,53.2922],[-6.38243,53.29211],[-6.38212,53.29189],[-6.38196,53.29178],[-6.3817,53.2916],[-6.38127,53.29131],[-6.3809,53.29104],[-6.3806,53.29082],[-6.38033,53.29062],[-6.38013,53.29046],[-6.37998,53.29034],[-6.37971,53.29013],[-6.37938,53.28985],[-6.37906,53.28959],[-6.37884,53.2894],[-6.3786,53.2892],[-6.37847,53.28909],[-6.37832,53.28894],[-6.3782,53.28881],[-6.37811,53.28871],[-6.37782,53.28836],[-6.37764,53.28814],[-6.37753,53.28801],[-6.37748,53.28794],[-6.37741,53.28786],[-6.37738,53.28782],[-6.37734,53.28779],[-6.37731,53.28776],[-6.37725,53.28771],[-6.37721,53.28767],[-6.37718,53.28765],[-6.37714,53.28763],[-6.3771,53.2876]],[[-6.3771,53.2876],[-6.37705,53.28757],[-6.377,53.28755],[-6.37694,53.28752],[-6.3769,53.2875]],[[-6.3769,53.2875],[-6.37683,53.28747],[-6.37676,53.28744],[-6.37671,53.28742]],[[-6.37671,53.28742],[-6.37661,53.28739],[-6.37649,53.28736]],[[-6.37649,53.28736],[-6.37643,53.28735],[-6.37635,53.28733],[-6.37627,53.28732],[-6.37621,53.28731]],[[-6.37621,53.28731],[-6.37614,53.28731],[-6.37607,53.2873],[-6.376,53.28729],[-6.37592,53.28729]],[[-6.37592,53.28729],[-6.37585,53.28729],[-6.37578,53.28729],[-6.37572,53.28729],[-6.37564,53.2873],[-6.37558,53.2873],[-6.37551,53.28731],[-6.37544,53.28732],[-6.37536,53.28733],[-6.37526,53.28735],[-6.37513,53.28738],[-6.37497,53.28742],[-6.37468,53.2875]],[[-6.43773,53.2847],[-6.43733,53.28465],[-6.43715,53.28463],[-6.43695,53.28461],[-6.43657,53.28457],[-6.43645,53.28456],[-6.43633,53.28455],[-6.43622,53.28455],[-6.43607,53.28455],[-6.43577,53.28455],[-6.43559,53.28455],[-6.43541,53.28454],[-6.43526,53.28454],[-6.43506,53.28453],[-6.43486,53.28452],[-6.43476,53.28452],[-6.43466,53.28451],[-6.43454,53.28451],[-6.43447,53.28451],[-6.43437,53.28451],[-6.43426,53.28452],[-6.43412,53.28453],[-6.43393,53.28455],[-6.43376,53.28456],[-6.43367,53.28457],[-6.43359,53.28457],[-6.4335,53.28457],[-6.43348,53.28457],[-6.43342,53.28457],[-6.43337,53.28456],[-6.43333,53.28456],[-6.43329,53.28455],[-6.43323,53.28454],[-6.43316,53.28451],[-6.4331,53.28449],[-6.43302,53.28446],[-6.43296,53.28441],[-6.43288,53.28436],[-6.43277,53.28427],[-6.43265,53.28419],[-6.43258,53.28415],[-6.43251,53.28413],[-6.43245,53.28411],[-6.43237,53.28409],[-6.4323,53.28408],[-6.43222,53.28407],[-6.43211,53.28407],[-6.43182,53.28406],[-6.43159,53.28406],[-6.43139,53.28406],[-6.43117,53.28406],[-6.43098,53.28406],[-6.43082,53.28405],[-6.43067,53.28404],[-6.43033,53.28402],[-6.43024,53.28401],[-6.43012,53.28401],[-6.43006,53.28401],[-6.43001,53.28401],[-6.42993,53.28401],[-6.42987,53.28401],[-6.4298,53.28401],[-6.42974,53.28402],[-6.42966,53.28402],[-6.42958,53.28403],[-6.42944,53.28405],[-6.4293,53.28407],[-6.4291,53.2841],[-6.42894,53.28412],[-6.42878,53.28414],[-6.42868,53.28416],[-6.42859,53.28416],[-6.42848,53.28417],[-6.4284,53.28417],[-6.42828,53.28418],[-6.42794,53.28418],[-6.42776,53.28419],[-6.42753,53.28419],[-6.42694,53.28419],[-6.42661,53.2842],[-6.42632,53.28421],[-6.42614,53.28422],[-6.42608,53.28422],[-6.42591,53.28422],[-6.42574,53.28422],[-6.42561,53.28422],[-6.42547,53.28422],[-6.42531,53.28422],[-6.42516,53.28423],[-6.42502,53.28424],[-6.42458,53.28427],[-6.42421,53.2843],[-6.42379,53.28432],[-6.42359,53.28434],[-6.42347,53.28435],[-6.42335,53.28436],[-6.42327,53.28437],[-6.42321,53.28438],[-6.42314,53.28439],[-6.42309,53.28441],[-6.42302,53.28443],[-6.42297,53.28445],[-6.42293,53.28447],[-6.42288,53.2845],[-6.42284,53.28452],[-6.4228,53.28455],[-6.42276,53.28458],[-6.42269,53.28465],[-6.42262,53.28472],[-6.42251,53.28484],[-6.4224,53.28496],[-6.42219,53.28518],[-6.42202,53.28535],[-6.42193,53.28545],[-6.42192,53.28546],[-6.42187,53.28552],[-6.42181,53.28558],[-6.42175,53.28564],[-6.4217,53.28568],[-6.42165,53.28572],[-6.42153,53.28584],[-6.42123,53.28611],[-6.42115,53.28617],[-6.42085,53.28642],[-6.42066,53.28656],[-6.42051,53.28667],[-6.42038,53.28677],[-6.41981,53.28719],[-6.41966,53.2873],[-6.41963,53.28733],[-6.41959,53.28736],[-6.4192,53.28764],[-6.41895,53.28784],[-6.41868,53.28803],[-6.41843,53.28821],[-6.4183,53.28831],[-6.41824,53.28835],[-6.41818,53.28839],[-6.41812,53.28842],[-6.41806,53.28846],[-6.41792,53.28852],[-6.4178,53.28856],[-6.41768,53.2886],[-6.41765,53.28861],[-6.41759,53.28862],[-6.4174,53.28867],[-6.41709,53.28874],[-6.41678,53.2888],[-6.41618,53.28893],[-6.41511,53.28917],[-6.4146,53.28929],[-6.41407,53.2894],[-6.4136,53.28951],[-6.41314,53.28961],[-6.41232,53.28979],[-6.41179,53.28991],[-6.41121,53.29004],[-6.41071,53.29015],[-6.41044,53.29021],[-6.4098,53.29035],[-6.40945,53.29043],[-6.40913,53.2905],[-6.40868,53.2906],[-6.40814,53.29072],[-6.40725,53.29092],[-6.40685,53.291],[-6.40647,53.29108],[-6.40619,53.29115],[-6.40593,53.2912],[-6.40559,53.29128],[-6.40542,53.29132],[-6.4052,53.29137],[-6.4048,53.29146],[-6.40468,53.29148],[-6.40402,53.29163],[-6.40384,53.29168],[-6.40351,53.29176],[-6.40324,53.29184],[-6.40296,53.29191],[-6.40259,53.292],[-6.40212,53.29211],[-6.40147,53.29225],[-6.40086,53.29238],[-6.4002,53.29252],[-6.39967,53.29264],[-6.39915,53.29275],[-6.39807,53.29299],[-6.39763,53.29309],[-6.39737,53.29314],[-6.39595,53.29345],[-6.39553,53.29355],[-6.39517,53.29362],[-6.39493,53.29367],[-6.39473,53.29372],[-6.39412,53.29385],[-6.39323,53.29405],[-6.39262,53.29418],[-6.39201,53.29432],[-6.39147,53.29444],[-6.3906,53.29465],[-6.38988,53.29484],[-6.38928,53.29499],[-6.38914,53.29503],[-6.38894,53.29508],[-6.38855,53.29518],[-6.388,53.29532],[-6.38782,53.29536],[-6.38774,53.29538],[-6.38759,53.29541],[-6.38742,53.29545],[-6.38734,53.29547],[-6.38726,53.29549],[-6.38688,53.29558],[-6.3862,53.29573],[-6.38565,53.29585],[-6.38511,53.29597],[-6.38483,53.29603],[-6.38467,53.29607],[-6.38451,53.29611],[-6.38428,53.29617],[-6.3841,53.29622],[-6.3839,53.29627],[-6.38378,53.2963],[-6.38366,53.29633],[-6.38359,53.29634],[-6.38351,53.29635],[-6.38331,53.29637],[-6.38317,53.29638],[-6.38305,53.29639],[-6.38296,53.2964],[-6.3829,53.29641]],[[-6.3829,53.29641],[-6.38244,53.29651],[-6.38177,53.29665],[-6.38119,53.29678],[-6.38081,53.29686],[-6.37876,53.29731],[-6.37839,53.2974],[-6.37825,53.29743],[-6.37816,53.29746],[-6.37806,53.29749],[-6.37794,53.29753],[-6.37781,53.29758],[-6.37764,53.29765],[-6.3775,53.29772],[-6.37736,53.2978],[-6.37715,53.29792],[-6.37681,53.29813],[-6.37639,53.29839],[-6.37625,53.29847],[-6.3762,53.2985]],[[-6.3762,53.2985],[-6.37604,53.2986],[-6.37579,53.29875],[-6.37571,53.2988]],[[-6.37571,53.2988],[-6.37543,53.29897],[-6.37515,53.29914]],[[-6.37515,53.29914],[-6.37507,53.29919],[-6.37493,53.29928],[-6.37463,53.29946]],[[-6.37463,53.29946],[-6.37454,53.29952],[-6.37445,53.29958],[-6.3743,53.29967],[-6.37425,53.2997],[-6.37415,53.29976],[-6.37402,53.29985],[-6.37396,53.29989],[-6.37389,53.29994],[-6.37381,53.3],[-6.37367,53.3001],[-6.37354,53.30019],[-6.37353,53.3002],[-6.3735,53.30023],[-6.37348,53.30026],[-6.37346,53.30029],[-6.37344,53.30032],[-6.37341,53.30037],[-6.37341,53.30039],[-6.3734,53.30042],[-6.37338,53.30045],[-6.37336,53.30048],[-6.37335,53.3005],[-6.37332,53.30054],[-6.37329,53.30056],[-6.37328,53.30058],[-6.37325,53.3006],[-6.37322,53.30063],[-6.37318,53.30065],[-6.37316,53.30066],[-6.37305,53.30071],[-6.37289,53.30079],[-6.37235,53.30104],[-6.37198,53.30121],[-6.37165,53.30136],[-6.37123,53.30156],[-6.37093,53.3017],[-6.37063,53.30183],[-6.37036,53.30195],[-6.36999,53.30211],[-6.36961,53.30226],[-6.36929,53.30239],[-6.36896,53.30251],[-6.3686,53.30263],[-6.36821,53.30277],[-6.36769,53.30294],[-6.36723,53.30308],[-6.36622,53.30341],[-6.36592,53.3035],[-6.36561,53.3036],[-6.36531,53.3037],[-6.365,53.3038],[-6.3647,53.3039],[-6.36436,53.30402],[-6.36422,53.30407],[-6.36389,53.30419],[-6.36365,53.30428],[-6.36341,53.30437],[-6.36309,53.30451],[-6.36288,53.30459],[-6.36267,53.30468],[-6.36244,53.30478],[-6.36229,53.30485],[-6.362,53.30498],[-6.3617,53.30511],[-6.36146,53.30523]],[[-6.36146,53.30523],[-6.36124,53.30533],[-6.36099,53.30544],[-6.36091,53.30548],[-6.36059,53.30562],[-6.36039,53.30572],[-6.36007,53.30586],[-6.35991,53.30594],[-6.35969,53.30604],[-6.35953,53.30612],[-6.35945,53.30617],[-6.35938,53.30621],[-6.35931,53.30626],[-6.35925,53.30631],[-6.3592,53.30635],[-6.35917,53.30637],[-6.35914,53.30641],[-6.35909,53.30645],[-6.35906,53.30648],[-6.35903,53.30652],[-6.359,53.30656],[-6.35897,53.3066],[-6.35894,53.30665],[-6.35892,53.30668],[-6.3589,53.30673],[-6.35888,53.30676],[-6.35887,53.3068],[-6.35885,53.30684],[-6.35884,53.30689],[-6.35883,53.30694],[-6.35882,53.30698],[-6.35882,53.30702],[-6.35882,53.30707],[-6.35882,53.30713],[-6.35882,53.30718],[-6.35883,53.30725],[-6.35885,53.30731],[-6.35887,53.30736],[-6.35889,53.30742],[-6.35891,53.30746],[-6.35895,53.30753],[-6.35898,53.30758],[-6.35903,53.30765],[-6.35907,53.3077],[-6.35912,53.30775],[-6.35917,53.3078],[-6.35925,53.30787],[-6.35931,53.30792],[-6.35961,53.30817],[-6.35972,53.30825],[-6.3598,53.30832],[-6.35991,53.30841],[-6.36003,53.30852],[-6.3602,53.30868],[-6.36044,53.30892],[-6.3606,53.30907],[-6.36071,53.30919],[-6.36088,53.30939],[-6.36099,53.30951],[-6.36115,53.30971],[-6.36128,53.30989],[-6.36142,53.31006],[-6.36153,53.31021],[-6.36182,53.31059],[-6.36202,53.31086],[-6.36215,53.31103],[-6.36223,53.31113],[-6.36249,53.31148],[-6.36257,53.31158],[-6.36266,53.31169],[-6.36272,53.31177],[-6.36278,53.31183],[-6.36289,53.31194],[-6.36296,53.31201],[-6.36304,53.31209],[-6.36314,53.31217],[-6.36321,53.31223],[-6.36327,53.31227],[-6.36331,53.31231],[-6.3634,53.31238],[-6.36381,53.31267],[-6.36408,53.31286],[-6.36428,53.31301],[-6.36441,53.31311],[-6.36444,53.31313],[-6.36469,53.31332],[-6.36479,53.31341],[-6.36493,53.31353],[-6.36507,53.31365],[-6.36516,53.31374],[-6.36523,53.3138],[-6.36526,53.31383],[-6.36543,53.31401],[-6.3655,53.31408],[-6.36566,53.31423],[-6.36608,53.31464],[-6.36625,53.3148],[-6.36641,53.31496],[-6.36646,53.31501],[-6.36653,53.31509],[-6.36665,53.3152],[-6.3667,53.31524],[-6.36675,53.31528],[-6.36681,53.31531],[-6.36688,53.31536],[-6.36694,53.3154],[-6.367,53.31542],[-6.36707,53.31546],[-6.36713,53.31548],[-6.36721,53.31551],[-6.36731,53.31555],[-6.36741,53.31557],[-6.36752,53.3156],[-6.36762,53.31563],[-6.36785,53.31568],[-6.36797,53.31571],[-6.36823,53.31577],[-6.36831,53.31579],[-6.36855,53.31585],[-6.36879,53.3159],[-6.36894,53.31593],[-6.36903,53.31595],[-6.36908,53.31597],[-6.36911,53.31598],[-6.36916,53.31599],[-6.36922,53.31601],[-6.36926,53.31603],[-6.36931,53.31605],[-6.36936,53.31607],[-6.3694,53.31609],[-6.36944,53.31612],[-6.36949,53.31615],[-6.36954,53.31618],[-6.36957,53.31621],[-6.36959,53.31623],[-6.36964,53.31629],[-6.36967,53.31632],[-6.36969,53.31635],[-6.36972,53.31639],[-6.36974,53.31644],[-6.36977,53.31652],[-6.36979,53.31657],[-6.3699,53.31685],[-6.36999,53.31708],[-6.37009,53.31733],[-6.3701,53.31737],[-6.37012,53.31744]],[[-6.37012,53.31744],[-6.37014,53.31748],[-6.37015,53.31752],[-6.37015,53.31755],[-6.37015,53.31758],[-6.37015,53.31762],[-6.37014,53.31765],[-6.37013,53.31769],[-6.37012,53.31773]],[[-6.37012,53.31773],[-6.37006,53.31782]],[[-6.37006,53.31782],[-6.37002,53.31788],[-6.36998,53.31793],[-6.3699,53.31804]],[[-6.3699,53.31804],[-6.36985,53.31811],[-6.36981,53.31816],[-6.36976,53.31823],[-6.3697,53.31829],[-6.36964,53.31835],[-6.36958,53.31839],[-6.36951,53.31845],[-6.36943,53.31849],[-6.36932,53.31854],[-6.36921,53.31859],[-6.36909,53.31864],[-6.36899,53.31868],[-6.36889,53.31871]],[[-6.36889,53.31871],[-6.36872,53.31876],[-6.36864,53.31879],[-6.36854,53.31881],[-6.36848,53.31883],[-6.36837,53.31885],[-6.36823,53.31888]],[[-6.36823,53.31888],[-6.36809,53.3189],[-6.36796,53.31893],[-6.36779,53.31895],[-6.36762,53.31897],[-6.36744,53.31898],[-6.36725,53.31899],[-6.36712,53.319],[-6.36693,53.319],[-6.36662,53.319],[-6.36639,53.319],[-6.36623,53.319],[-6.36603,53.31901],[-6.36594,53.31902],[-6.36585,53.31902],[-6.36574,53.31904],[-6.3656,53.31905],[-6.36545,53.31908],[-6.36533,53.3191],[-6.36524,53.31912],[-6.36516,53.31914],[-6.36506,53.31917],[-6.36495,53.3192],[-6.3648,53.31925],[-6.36441,53.31939],[-6.36409,53.31951],[-6.36377,53.31962],[-6.36293,53.31993],[-6.3625,53.32008],[-6.36208,53.32023],[-6.36147,53.32046],[-6.36092,53.32065],[-6.36062,53.32076],[-6.3603,53.32087],[-6.35973,53.32108],[-6.35917,53.32128],[-6.35858,53.32149],[-6.35824,53.32161],[-6.35798,53.32171],[-6.35741,53.32191],[-6.35695,53.32207],[-6.35626,53.32232],[-6.35567,53.32254],[-6.35511,53.32274],[-6.35504,53.32277],[-6.35473,53.32287],[-6.35452,53.32295],[-6.35428,53.32304],[-6.35289,53.32355],[-6.3527,53.32362],[-6.35257,53.32366],[-6.35203,53.32386],[-6.35193,53.3239],[-6.35172,53.32397],[-6.35159,53.32402],[-6.35123,53.32415],[-6.35098,53.32424],[-6.35015,53.32454],[-6.34957,53.32475],[-6.3491,53.32492],[-6.34839,53.32517],[-6.34783,53.32537],[-6.34747,53.3255],[-6.34723,53.32558],[-6.34683,53.32571],[-6.34645,53.32582],[-6.34612,53.32592],[-6.34566,53.32606],[-6.3455,53.3261],[-6.34518,53.3262],[-6.34454,53.32637],[-6.34404,53.32652],[-6.34379,53.32658],[-6.34358,53.32665],[-6.34313,53.32677],[-6.34292,53.32683],[-6.34279,53.32686],[-6.34233,53.32699],[-6.34174,53.32713],[-6.34144,53.32721],[-6.34111,53.32729],[-6.34083,53.32736],[-6.34046,53.32745],[-6.34014,53.32753],[-6.33963,53.32765],[-6.33906,53.32779],[-6.33858,53.32791],[-6.33834,53.32796],[-6.33788,53.32807],[-6.33753,53.32815],[-6.3368,53.32833],[-6.33626,53.32845],[-6.33606,53.3285],[-6.33587,53.32855],[-6.33572,53.3286],[-6.33558,53.32864],[-6.33541,53.32869],[-6.3352,53.32876],[-6.33502,53.32882],[-6.33487,53.32887],[-6.33468,53.32895],[-6.33436,53.32907],[-6.3341,53.32919],[-6.33388,53.32929],[-6.33355,53.32944],[-6.33314,53.32963],[-6.33288,53.32974],[-6.33263,53.32986],[-6.33234,53.33],[-6.3322,53.33007],[-6.33208,53.33013],[-6.33197,53.3302],[-6.33187,53.33027],[-6.33171,53.33036],[-6.33161,53.33044],[-6.33153,53.3305],[-6.33142,53.33059],[-6.33131,53.33067],[-6.33104,53.3309],[-6.3308,53.3311],[-6.33052,53.33135],[-6.33035,53.33152],[-6.33021,53.33165],[-6.33011,53.33177],[-6.33001,53.3319],[-6.32992,53.33201],[-6.32981,53.33217],[-6.32966,53.3324],[-6.3295,53.33268],[-6.32938,53.33289],[-6.32933,53.33298],[-6.32924,53.33311],[-6.32921,53.33315],[-6.32912,53.33329],[-6.32906,53.33337],[-6.32901,53.33343],[-6.32891,53.33356],[-6.32882,53.33367],[-6.32873,53.33378],[-6.32865,53.33388],[-6.32861,53.33392],[-6.32858,53.33396],[-6.32853,53.33399],[-6.32849,53.33402],[-6.32846,53.33404],[-6.32843,53.33406],[-6.3284,53.33408],[-6.32838,53.33409],[-6.32832,53.33411],[-6.32828,53.33413],[-6.32823,53.33415],[-6.32818,53.33416],[-6.32812,53.33417],[-6.32807,53.33418],[-6.32793,53.3342],[-6.32779,53.33422],[-6.32742,53.33427],[-6.32703,53.33433],[-6.32635,53.33443],[-6.326,53.33448],[-6.32541,53.33456],[-6.32472,53.33464],[-6.32407,53.33472],[-6.32339,53.3348],[-6.32268,53.33488],[-6.32203,53.33496],[-6.32136,53.33504],[-6.32074,53.33511],[-6.32008,53.33518],[-6.31941,53.33525],[-6.3189,53.33531],[-6.31857,53.33534],[-6.31808,53.33539],[-6.31778,53.33543],[-6.31714,53.3355],[-6.31588,53.33564],[-6.31532,53.3357],[-6.31399,53.33586],[-6.31358,53.33592],[-6.31321,53.33596],[-6.3131,53.33598],[-6.31266,53.33603],[-6.31227,53.33608],[-6.31188,53.33612],[-6.31147,53.33617],[-6.31113,53.33621],[-6.31082,53.33624],[-6.31037,53.3363],[-6.30987,53.33635],[-6.30918,53.33643],[-6.30884,53.33647],[-6.3085,53.33651],[-6.30762,53.3366],[-6.30728,53.33664],[-6.30685,53.33668],[-6.30676,53.33669],[-6.30667,53.3367],[-6.3066,53.33671],[-6.30653,53.33672],[-6.30643,53.33675],[-6.30637,53.33676],[-6.3063,53.33678]],[[-6.3063,53.33678],[-6.30574,53.33692]],[[-6.30574,53.33692],[-6.30557,53.33696],[-6.30542,53.337],[-6.30528,53.33703],[-6.30513,53.33705],[-6.30496,53.33708],[-6.30483,53.3371],[-6.3047,53.33711],[-6.30443,53.33715],[-6.30413,53.33718],[-6.30378,53.33722],[-6.30336,53.33727],[-6.30294,53.33732],[-6.30262,53.33736],[-6.30235,53.33739],[-6.30206,53.33742],[-6.30164,53.33747],[-6.30101,53.33754],[-6.2999,53.33767],[-6.2995,53.33771],[-6.29914,53.33775],[-6.2989,53.33778],[-6.2982,53.33784],[-6.29792,53.33786],[-6.29764,53.33789],[-6.29722,53.33794],[-6.29686,53.33797],[-6.2957,53.3381],[-6.29492,53.33819],[-6.29443,53.33824],[-6.29394,53.3383],[-6.29349,53.33835],[-6.29296,53.33841],[-6.29252,53.33846],[-6.29217,53.3385],[-6.29201,53.33852]],[[-6.29201,53.33852],[-6.29185,53.33854],[-6.29173,53.33856],[-6.29164,53.33858],[-6.29156,53.3386],[-6.29148,53.33863],[-6.29143,53.33864],[-6.29138,53.33866],[-6.29131,53.3387],[-6.29124,53.33873],[-6.29116,53.33877],[-6.29109,53.33881],[-6.29104,53.33885],[-6.291,53.33889],[-6.29096,53.33892],[-6.29091,53.33897],[-6.29087,53.33902],[-6.29083,53.33907],[-6.2908,53.33912],[-6.29078,53.33916],[-6.29076,53.33921],[-6.29075,53.33926],[-6.29074,53.33931],[-6.29073,53.33937],[-6.29073,53.33944],[-6.29073,53.33948],[-6.29074,53.33952],[-6.29075,53.33957],[-6.29078,53.33962],[-6.29081,53.33968]],[[-6.29081,53.33968],[-6.29084,53.33973],[-6.2912,53.3403],[-6.29139,53.34058],[-6.29156,53.34085],[-6.29174,53.34112],[-6.29189,53.34136]],[[-6.29189,53.34136],[-6.29192,53.3414],[-6.29195,53.34144],[-6.29198,53.34147],[-6.29202,53.3415],[-6.29207,53.34152],[-6.29212,53.34154],[-6.29216,53.34155],[-6.29219,53.34155],[-6.29223,53.34156],[-6.29228,53.34156],[-6.29231,53.34156],[-6.29234,53.34156],[-6.29241,53.34155],[-6.29254,53.34153],[-6.29266,53.3415],[-6.29273,53.3415],[-6.29277,53.34149],[-6.29285,53.34149],[-6.2929,53.3415],[-6.29296,53.34151],[-6.29302,53.34153],[-6.29307,53.34155],[-6.29312,53.34157],[-6.29314,53.34158],[-6.29317,53.3416],[-6.29318,53.34161],[-6.29319,53.34163],[-6.29322,53.34166],[-6.29325,53.34171],[-6.29335,53.34189],[-6.29353,53.34217],[-6.29355,53.34221],[-6.29358,53.34226],[-6.29359,53.34228],[-6.29359,53.34229],[-6.29359,53.34232],[-6.29359,53.34234],[-6.29359,53.34235],[-6.29358,53.34237],[-6.29358,53.34238],[-6.29356,53.34241],[-6.29354,53.34244],[-6.29352,53.34246],[-6.2935,53.34248],[-6.29348,53.34249],[-6.29346,53.34251],[-6.29344,53.34252],[-6.29339,53.34254],[-6.29335,53.34255],[-6.29331,53.34256],[-6.2928,53.34267],[-6.29239,53.34276],[-6.29169,53.34292],[-6.29145,53.34297],[-6.29132,53.343]],[[-6.29132,53.343],[-6.29124,53.34302],[-6.29121,53.34303],[-6.29116,53.34305],[-6.29111,53.34307],[-6.2911,53.34308],[-6.29107,53.34311],[-6.29106,53.34313],[-6.29104,53.34316],[-6.29103,53.34319],[-6.29103,53.34321],[-6.29103,53.34323],[-6.29103,53.34326],[-6.29104,53.34328],[-6.29106,53.34331],[-6.29107,53.34332],[-6.29108,53.34334],[-6.2911,53.34336],[-6.29113,53.34338],[-6.29117,53.34342],[-6.29119,53.34344],[-6.29121,53.34346],[-6.29122,53.34348],[-6.29124,53.34352],[-6.29125,53.34356],[-6.29125,53.34364]],[[-6.29125,53.34364],[-6.29128,53.3438],[-6.29144,53.34481],[-6.29152,53.34526],[-6.29152,53.34529],[-6.29154,53.34535],[-6.29158,53.34562],[-6.29161,53.34578],[-6.29164,53.34596]],[[-6.29164,53.34596],[-6.29166,53.34605],[-6.29167,53.34609],[-6.29168,53.34613],[-6.29169,53.34615],[-6.2917,53.34617],[-6.29171,53.34621],[-6.29172,53.34624],[-6.29173,53.34627]],[[-6.29173,53.34627],[-6.29176,53.34637],[-6.29177,53.34641],[-6.29181,53.34665],[-6.29183,53.34688],[-6.29184,53.34692],[-6.29184,53.34697],[-6.29184,53.34702],[-6.29183,53.34706],[-6.29182,53.34712],[-6.29182,53.34716]],[[-6.29182,53.34716],[-6.29183,53.34728]],[[-6.29183,53.34728],[-6.29189,53.34765]],[[-6.29189,53.34765],[-6.2919,53.34771],[-6.2919,53.34774],[-6.2919,53.34776],[-6.29189,53.34777],[-6.29189,53.34778]],[[-6.29189,53.34778],[-6.29188,53.34779],[-6.29187,53.34781],[-6.29184,53.34784],[-6.29182,53.34785],[-6.2918,53.34787],[-6.29179,53.34788],[-6.29176,53.34789],[-6.29172,53.34791],[-6.29168,53.34793],[-6.29162,53.34794],[-6.29156,53.34795],[-6.29149,53.34796],[-6.29143,53.34796],[-6.29122,53.34796],[-6.2908,53.34796],[-6.29059,53.34796],[-6.29039,53.34796],[-6.28993,53.34799],[-6.28985,53.34799],[-6.28954,53.34798],[-6.28924,53.34797],[-6.28712,53.3479],[-6.28673,53.34789],[-6.28632,53.34787],[-6.28534,53.34784],[-6.28519,53.34783],[-6.2851,53.34782],[-6.28494,53.34781],[-6.28482,53.34779],[-6.28437,53.34773],[-6.28409,53.34769],[-6.28348,53.34758],[-6.28312,53.34752],[-6.28301,53.34751],[-6.28294,53.3475],[-6.28287,53.34749],[-6.28232,53.34743],[-6.28172,53.34737],[-6.28083,53.34728],[-6.28023,53.34721],[-6.28015,53.3472],[-6.28006,53.34719],[-6.27987,53.34718],[-6.27954,53.34716],[-6.27947,53.34716],[-6.27921,53.34715],[-6.27905,53.34715],[-6.27883,53.34716]],[[-6.27883,53.34716],[-6.2786,53.34717],[-6.2785,53.34718],[-6.2784,53.34718],[-6.27832,53.34718],[-6.27825,53.34718],[-6.27823,53.34718],[-6.27812,53.34717],[-6.27805,53.34717],[-6.27778,53.34715],[-6.27734,53.34713],[-6.2773,53.34712],[-6.27697,53.34711],[-6.27693,53.34711],[-6.27689,53.34711],[-6.27653,53.34711],[-6.276,53.34711],[-6.27581,53.34711],[-6.27548,53.34711],[-6.27532,53.34711],[-6.27521,53.3471],[-6.27512,53.34709],[-6.27502,53.34708],[-6.2748,53.34705],[-6.27475,53.34704],[-6.27412,53.34695],[-6.27389,53.34692],[-6.27384,53.34692],[-6.27366,53.3469],[-6.27315,53.34685],[-6.27304,53.34684],[-6.27289,53.34682],[-6.27276,53.34681],[-6.27261,53.34681],[-6.27252,53.34681],[-6.27245,53.34682],[-6.27156,53.34691],[-6.27081,53.347],[-6.27027,53.34706],[-6.27001,53.34709],[-6.26974,53.34712],[-6.26944,53.34717],[-6.26867,53.34728],[-6.26843,53.34731],[-6.26837,53.34732],[-6.26828,53.34733],[-6.26819,53.34734],[-6.26811,53.34735],[-6.2678,53.34737],[-6.2676,53.34739],[-6.26749,53.3474],[-6.26695,53.34748],[-6.2662,53.34759],[-6.26612,53.3476],[-6.26585,53.34764],[-6.2655,53.34769],[-6.26534,53.34771],[-6.26492,53.34778],[-6.26487,53.34778],[-6.26436,53.34786],[-6.26421,53.34789],[-6.26397,53.34793],[-6.26384,53.34794],[-6.26376,53.34795],[-6.26365,53.34797],[-6.26352,53.34798],[-6.26337,53.34799],[-6.263,53.34804],[-6.26264,53.34809],[-6.26237,53.34812],[-6.26222,53.34814],[-6.26205,53.34816],[-6.26177,53.34819],[-6.26159,53.3482],[-6.26079,53.34828],[-6.26032,53.34833],[-6.26007,53.34835],[-6.25993,53.34837],[-6.25978,53.34838],[-6.25972,53.34839],[-6.25965,53.3484],[-6.25951,53.34841],[-6.25942,53.34842],[-6.25933,53.34844],[-6.25921,53.34845]],[[-6.25921,53.34845],[-6.25899,53.34849],[-6.25856,53.34855],[-6.25817,53.34861],[-6.25778,53.34867],[-6.25768,53.34869],[-6.2576,53.3487],[-6.25759,53.3487],[-6.25734,53.34874],[-6.25704,53.34879],[-6.25687,53.34881],[-6.25633,53.3489],[-6.25608,53.34894],[-6.25546,53.34905],[-6.25509,53.34912],[-6.25504,53.34914],[-6.25488,53.34917],[-6.25478,53.3492],[-6.25471,53.34921],[-6.25441,53.3493],[-6.25411,53.3494],[-6.25387,53.34947],[-6.25377,53.34949],[-6.25367,53.34951],[-6.25361,53.34952],[-6.2535,53.34953],[-6.25336,53.34954],[-6.25314,53.34956],[-6.25303,53.34956]],[[-6.25303,53.34956],[-6.25297,53.34957],[-6.25294,53.34957],[-6.25292,53.34958],[-6.25289,53.34959],[-6.25285,53.3496],[-6.25283,53.3496],[-6.2528,53.34962],[-6.25278,53.34963],[-6.25276,53.34964],[-6.25274,53.34966],[-6.25272,53.34967],[-6.25267,53.34973],[-6.25262,53.34982],[-6.2525,53.35001],[-6.25247,53.35006],[-6.25244,53.3501],[-6.2524,53.35013],[-6.2524,53.35014],[-6.25238,53.35015]],[[-6.25238,53.35015],[-6.25235,53.35017],[-6.25232,53.35019],[-6.2523,53.3502],[-6.25228,53.3502],[-6.25226,53.35021],[-6.25224,53.35022],[-6.25221,53.35022],[-6.25219,53.35023],[-6.25217,53.35023],[-6.25214,53.35024],[-6.2521,53.35024],[-6.25206,53.35024],[-6.25203,53.35024],[-6.25199,53.35024],[-6.25196,53.35024],[-6.25191,53.35023],[-6.25186,53.35022],[-6.25179,53.3502],[-6.25119,53.35005],[-6.25106,53.35002]],[[-6.25106,53.35002],[-6.25104,53.35002]],[[-6.25104,53.35002],[-6.2509,53.34998],[-6.25081,53.34997],[-6.25076,53.34997],[-6.2507,53.34996],[-6.25064,53.34996],[-6.25058,53.34996],[-6.25051,53.34997],[-6.25044,53.34998],[-6.2504,53.34998],[-6.25036,53.34998],[-6.25031,53.34998],[-6.25027,53.34998],[-6.25024,53.34998],[-6.2502,53.34998],[-6.25015,53.34997],[-6.25011,53.34997],[-6.25006,53.34996],[-6.25,53.34994]],[[-6.25,53.34994],[-6.24992,53.34991],[-6.24981,53.34988],[-6.24972,53.34984],[-6.24964,53.34981],[-6.24958,53.34978],[-6.24953,53.34976],[-6.24947,53.34972],[-6.24943,53.3497],[-6.24939,53.34969],[-6.24935,53.34968],[-6.24929,53.34966],[-6.24919,53.34965],[-6.24914,53.34964],[-6.24901,53.34963]],[[-6.24901,53.34963],[-6.24869,53.34961]],[[-6.24869,53.34961],[-6.24813,53.34958]],[[-6.24813,53.34958],[-6.24805,53.34957],[-6.24795,53.34957],[-6.24758,53.34954],[-6.24714,53.34952],[-6.247,53.34951],[-6.24618,53.34945],[-6.24592,53.34943],[-6.24587,53.34942],[-6.24583,53.34942],[-6.24572,53.34941],[-6.24554,53.34939],[-6.24487,53.34935],[-6.24379,53.34928],[-6.24376,53.34928],[-6.24339,53.34925],[-6.24303,53.34923],[-6.24298,53.34923],[-6.24195,53.34916],[-6.24109,53.3491],[-6.24096,53.34909],[-6.24082,53.34909],[-6.24063,53.34907]],[[-6.24063,53.34907],[-6.23999,53.34902]],[[-6.23999,53.34902],[-6.23992,53.34902],[-6.23876,53.34892],[-6.23867,53.34892],[-6.23851,53.34891],[-6.23811,53.34888],[-6.23777,53.34886]],[[-6.23777,53.34886],[-6.23752,53.34885],[-6.23715,53.34883],[-6.23673,53.34881],[-6.23651,53.3488],[-6.23542,53.34874],[-6.23528,53.34873],[-6.23514,53.34872],[-6.23328,53.3486],[-6.23215,53.34853],[-6.23201,53.34852],[-6.2312,53.34847],[-6.23087,53.34845]],[[-6.23087,53.34845],[-6.23066,53.34843],[-6.23021,53.3484],[-6.23011,53.34839]],[[-6.23011,53.34839],[-6.22999,53.34839],[-6.22982,53.34838],[-6.22965,53.34837],[-6.22925,53.34834],[-6.22879,53.34831]],[[-6.37465,53.28747],[-6.37495,53.2874],[-6.37512,53.28735],[-6.37524,53.28733],[-6.37529,53.28732],[-6.37535,53.2873],[-6.37541,53.2873],[-6.37553,53.28728],[-6.3756,53.28727],[-6.37569,53.28727],[-6.37575,53.28726],[-6.37582,53.28726],[-6.37591,53.28726]],[[-6.37591,53.28726],[-6.37598,53.28727],[-6.37606,53.28727],[-6.37614,53.28728],[-6.37621,53.28728]],[[-6.37621,53.28728],[-6.37626,53.28729],[-6.37635,53.2873],[-6.37644,53.28732],[-6.37651,53.28734]],[[-6.37651,53.28734],[-6.37659,53.28735],[-6.37667,53.28738],[-6.37673,53.2874]],[[-6.37673,53.2874],[-6.37679,53.28741],[-6.37687,53.28745],[-6.37693,53.28748]],[[-6.37693,53.28748],[-6.377,53.28751],[-6.37707,53.28754],[-6.37714,53.28758]],[[-6.37714,53.28758],[-6.37719,53.28762],[-6.37725,53.28766],[-6.37729,53.28769],[-6.37732,53.28771],[-6.37735,53.28774],[-6.3774,53.28778],[-6.37745,53.28784],[-6.37756,53.28796],[-6.37768,53.28812],[-6.37775,53.2882],[-6.37816,53.2887],[-6.37825,53.2888],[-6.37832,53.28888],[-6.37837,53.28893],[-6.37839,53.28896],[-6.37846,53.28902],[-6.37856,53.28911],[-6.37864,53.28918],[-6.37888,53.28938],[-6.37911,53.28957],[-6.37977,53.29013],[-6.38002,53.29032],[-6.38024,53.2905],[-6.38065,53.29081],[-6.3808,53.29092],[-6.38094,53.29102],[-6.38101,53.29107],[-6.38148,53.29141],[-6.38218,53.29189],[-6.38236,53.29202],[-6.38247,53.29209],[-6.38273,53.29228],[-6.38324,53.29264],[-6.38369,53.29297],[-6.38387,53.2931],[-6.38416,53.29331],[-6.38441,53.2935],[-6.38467,53.29368],[-6.38487,53.29384],[-6.38492,53.29388],[-6.38497,53.29392],[-6.38501,53.29397],[-6.38504,53.294],[-6.38508,53.29406],[-6.3851,53.2941],[-6.38511,53.29412],[-6.38513,53.29416],[-6.38516,53.29422],[-6.38518,53.29426],[-6.38519,53.29432],[-6.3852,53.29436],[-6.3852,53.29441],[-6.38521,53.29448],[-6.3852,53.29453],[-6.38519,53.29457],[-6.38518,53.29462],[-6.38517,53.29465],[-6.38516,53.29469],[-6.38512,53.29477],[-6.38506,53.29489],[-6.385,53.29501],[-6.38494,53.29514],[-6.38485,53.2953],[-6.38477,53.29546],[-6.38473,53.29555],[-6.38469,53.29562],[-6.38466,53.29567],[-6.38463,53.29571],[-6.3846,53.29575],[-6.38457,53.29579],[-6.38453,53.29583],[-6.38449,53.29587],[-6.38444,53.2959],[-6.3844,53.29594],[-6.38436,53.29597],[-6.3843,53.296],[-6.38423,53.29605],[-6.38418,53.29607],[-6.38413,53.2961],[-6.38404,53.29614],[-6.38394,53.29618],[-6.38383,53.29621],[-6.38375,53.29624],[-6.38367,53.29626],[-6.38349,53.29629],[-6.38326,53.29634],[-6.3829,53.29641]],[[-6.25104,53.35002],[-6.25094,53.35],[-6.25089,53.35],[-6.25086,53.35],[-6.25082,53.35],[-6.25079,53.35],[-6.25075,53.35],[-6.2507,53.35001],[-6.25067,53.35002],[-6.25063,53.35003],[-6.2506,53.35005],[-6.25057,53.35006],[-6.25055,53.35008],[-6.25053,53.35009],[-6.25051,53.35011],[-6.25049,53.35013],[-6.25047,53.35015],[-6.25045,53.35018],[-6.25042,53.35021],[-6.25037,53.35029],[-6.25032,53.35037],[-6.25027,53.35045],[-6.25014,53.35064]],[[-6.25014,53.35064],[-6.2501,53.35069],[-6.24996,53.35091]],[[-6.2288,53.34828],[-6.22926,53.34831],[-6.22966,53.34834],[-6.22976,53.34834],[-6.22983,53.34835],[-6.23,53.34836],[-6.23021,53.34837]],[[-6.23021,53.34837],[-6.23066,53.3484],[-6.23071,53.34841]],[[-6.23071,53.34841],[-6.23108,53.34843],[-6.23142,53.34845],[-6.23182,53.34848],[-6.23201,53.34849],[-6.23216,53.3485],[-6.23328,53.34857],[-6.23514,53.34869],[-6.23529,53.3487],[-6.23542,53.34871],[-6.23639,53.34876],[-6.23652,53.34877],[-6.23673,53.34878],[-6.23716,53.3488],[-6.23752,53.34882],[-6.23778,53.34883]],[[-6.23778,53.34883],[-6.23791,53.34884],[-6.23849,53.34887],[-6.23865,53.34888],[-6.23874,53.34889],[-6.23948,53.34894],[-6.23993,53.34898],[-6.24,53.34899]],[[-6.24,53.34899],[-6.24064,53.34904]],[[-6.24064,53.34904],[-6.24083,53.34905],[-6.24097,53.34906],[-6.2411,53.34907],[-6.24112,53.34907],[-6.24137,53.34909],[-6.24177,53.34911],[-6.24195,53.34913],[-6.24197,53.34913],[-6.24299,53.34921],[-6.24303,53.34921],[-6.24339,53.34923],[-6.24376,53.34925],[-6.24379,53.34925],[-6.24444,53.34929],[-6.24487,53.34932],[-6.24572,53.34938],[-6.24584,53.34939],[-6.24593,53.3494],[-6.24601,53.3494],[-6.2467,53.34945],[-6.24714,53.34948],[-6.24759,53.34951],[-6.24795,53.34953],[-6.24826,53.34955],[-6.2487,53.34958]],[[-6.24902,53.3496],[-6.2487,53.34958]],[[-6.24902,53.3496],[-6.24918,53.34961],[-6.24925,53.34962],[-6.24932,53.34963],[-6.24938,53.34964],[-6.24941,53.34965],[-6.24945,53.34967],[-6.24949,53.34968],[-6.24954,53.34971],[-6.24959,53.34974],[-6.24965,53.34977],[-6.24969,53.34979],[-6.24974,53.34981],[-6.24979,53.34983],[-6.24984,53.34985],[-6.24995,53.34988],[-6.25003,53.3499]],[[-6.25003,53.3499],[-6.25009,53.34991],[-6.25017,53.34993],[-6.25022,53.34993],[-6.25027,53.34994],[-6.25032,53.34994],[-6.25038,53.34993],[-6.25042,53.34993],[-6.25051,53.34992],[-6.25062,53.34991],[-6.25071,53.34991],[-6.25077,53.34991],[-6.25082,53.34991],[-6.25087,53.34992],[-6.25093,53.34993],[-6.25108,53.34996]],[[-6.38288,53.29638],[-6.38296,53.29637],[-6.38303,53.29636],[-6.38309,53.29636],[-6.38326,53.29634],[-6.38338,53.29633],[-6.38349,53.29632],[-6.38355,53.29631],[-6.38363,53.2963],[-6.38376,53.29627],[-6.38389,53.29624],[-6.38429,53.29613],[-6.38446,53.29609],[-6.38464,53.29604],[-6.38486,53.29599],[-6.38522,53.29591],[-6.38565,53.29581],[-6.38597,53.29574],[-6.38628,53.29568],[-6.38652,53.29562],[-6.38675,53.29557],[-6.38723,53.29546],[-6.38732,53.29544],[-6.38742,53.29542],[-6.38756,53.29539],[-6.38768,53.29536]],[[-6.38768,53.29536],[-6.3878,53.29533],[-6.38794,53.2953],[-6.38867,53.29511],[-6.38912,53.295],[-6.38925,53.29497],[-6.3896,53.29488],[-6.3903,53.2947],[-6.39095,53.29453],[-6.39168,53.29436],[-6.3922,53.29424],[-6.39268,53.29413],[-6.39337,53.29398],[-6.39412,53.29382],[-6.39471,53.29369],[-6.39491,53.29365],[-6.39515,53.29359],[-6.39552,53.29351],[-6.39593,53.29342],[-6.39689,53.29322],[-6.39761,53.29306],[-6.39857,53.29285],[-6.40018,53.2925],[-6.40146,53.29222],[-6.40257,53.29197],[-6.40287,53.2919],[-6.4032,53.29181],[-6.40349,53.29174],[-6.40381,53.29165],[-6.40413,53.29157],[-6.40448,53.2915],[-6.40479,53.29143],[-6.40515,53.29135],[-6.40536,53.2913],[-6.40558,53.29125],[-6.40583,53.2912],[-6.40646,53.29106],[-6.40683,53.29097],[-6.40723,53.29089],[-6.40761,53.2908],[-6.40802,53.29071],[-6.40911,53.29047],[-6.40962,53.29036],[-6.41014,53.29024],[-6.41192,53.28985],[-6.41234,53.28976],[-6.41277,53.28966],[-6.41362,53.28947],[-6.41409,53.28937],[-6.41456,53.28926],[-6.4148,53.28921],[-6.41499,53.28917],[-6.41532,53.28909],[-6.41557,53.28904],[-6.41601,53.28894],[-6.41639,53.28886],[-6.41679,53.28877],[-6.41703,53.28871],[-6.41731,53.28865],[-6.41747,53.28862],[-6.41757,53.28859],[-6.41763,53.28858],[-6.41776,53.28854],[-6.41787,53.2885],[-6.418,53.28844],[-6.4181,53.28839],[-6.41818,53.28834],[-6.41826,53.28829],[-6.41837,53.28821],[-6.41848,53.28813],[-6.41864,53.28801],[-6.4189,53.28782],[-6.41916,53.28763],[-6.41955,53.28734],[-6.41959,53.28731],[-6.41962,53.28728],[-6.4198,53.28716],[-6.42031,53.28678],[-6.42047,53.28665],[-6.42069,53.28649],[-6.42088,53.28634],[-6.42111,53.28616],[-6.4212,53.28608],[-6.4213,53.28599],[-6.42148,53.28583],[-6.42158,53.28574],[-6.42168,53.28564],[-6.4218,53.28552],[-6.4219,53.28542],[-6.42215,53.28515],[-6.42226,53.28504],[-6.42236,53.28493],[-6.42246,53.28483],[-6.42256,53.28472],[-6.42264,53.28464],[-6.42271,53.28457],[-6.42279,53.2845],[-6.42285,53.28447],[-6.42293,53.28443],[-6.42301,53.2844],[-6.42309,53.28437],[-6.4232,53.28435],[-6.42329,53.28433],[-6.42341,53.28432],[-6.42358,53.28431],[-6.4242,53.28426],[-6.42459,53.28424],[-6.42502,53.28421],[-6.42522,53.28419],[-6.4253,53.28419],[-6.42539,53.28419],[-6.42547,53.28419],[-6.42558,53.28419],[-6.42572,53.28419],[-6.42585,53.28419],[-6.42593,53.28419],[-6.42612,53.28419],[-6.42632,53.28418],[-6.42659,53.28417],[-6.4268,53.28417],[-6.42702,53.28416],[-6.42745,53.28416],[-6.42785,53.28415],[-6.42823,53.28415],[-6.42835,53.28415],[-6.42848,53.28414],[-6.42857,53.28413],[-6.42865,53.28413],[-6.42873,53.28412],[-6.42886,53.2841],[-6.42899,53.28408],[-6.42921,53.28405],[-6.42936,53.28402],[-6.42945,53.28401],[-6.42954,53.284],[-6.42968,53.28399],[-6.42981,53.28398],[-6.42991,53.28398],[-6.43001,53.28398],[-6.43012,53.28398],[-6.43024,53.28398],[-6.43034,53.28398],[-6.43068,53.28401],[-6.43079,53.28402],[-6.43089,53.28402],[-6.43098,53.28402],[-6.43104,53.28403],[-6.43114,53.28403],[-6.4313,53.28403],[-6.43163,53.28403],[-6.43188,53.28403],[-6.43199,53.28403],[-6.43215,53.28404],[-6.43225,53.28405],[-6.4323,53.28405],[-6.43234,53.28406],[-6.43238,53.28406],[-6.43243,53.28407],[-6.43251,53.28409],[-6.43254,53.2841],[-6.43258,53.28411],[-6.43263,53.28414],[-6.43269,53.28416],[-6.43272,53.28418],[-6.43275,53.2842],[-6.43278,53.28422],[-6.4328,53.28424],[-6.43287,53.28429],[-6.43293,53.28434],[-6.43297,53.28437],[-6.43302,53.28441],[-6.43307,53.28444],[-6.43314,53.28447],[-6.43317,53.28448],[-6.43324,53.2845],[-6.43329,53.28451],[-6.43336,53.28453],[-6.43343,53.28454],[-6.4335,53.28454],[-6.43357,53.28454],[-6.43365,53.28454],[-6.43377,53.28453],[-6.43402,53.28451],[-6.43415,53.2845],[-6.43426,53.28449],[-6.43435,53.28448],[-6.43445,53.28448],[-6.43458,53.28448],[-6.4347,53.28448],[-6.4349,53.28449],[-6.43514,53.2845],[-6.43538,53.28451],[-6.43554,53.28451],[-6.4357,53.28452],[-6.43607,53.28452],[-6.43621,53.28452],[-6.43632,53.28452],[-6.43642,53.28453],[-6.43651,53.28453],[-6.43668,53.28455],[-6.43699,53.28459],[-6.43734,53.28462],[-6.43773,53.28467]]]}},{"type":"Feature","properties":{"line":"green"},"geometry":{"type":"MultiLineString","coordinates":[[[-6.14267,53.24159],[-6.14272,53.24168],[-6.14278,53.2418],[-6.14279,53.24183],[-6.1429,53.24205],[-6.14307,53.24242],[-6.1431,53.24249],[-6.14319,53.24268],[-6.1433,53.24292],[-6.14336,53.24302],[-6.14347,53.24321],[-6.14358,53.24338],[-6.14366,53.2435]],[[-6.14366,53.2435],[-6.14373,53.2436],[-6.14379,53.24367],[-6.14385,53.24374],[-6.14408,53.244],[-6.14419,53.24411],[-6.14423,53.24416],[-6.14443,53.24434],[-6.14456,53.24445],[-6.14468,53.24454],[-6.14484,53.24466],[-6.14496,53.24476],[-6.14516,53.24489],[-6.14531,53.245],[-6.14548,53.2451],[-6.14551,53.24512],[-6.14589,53.24534],[-6.14622,53.24552]],[[-6.14622,53.24552],[-6.14625,53.24554],[-6.14636,53.2456],[-6.1465,53.24568],[-6.14659,53.24573],[-6.14679,53.24585],[-6.14702,53.24597],[-6.14723,53.2461],[-6.14737,53.24618],[-6.14746,53.24624],[-6.14752,53.24629],[-6.14755,53.24631],[-6.14762,53.24636],[-6.14766,53.24641],[-6.14768,53.24643],[-6.14773,53.24646],[-6.14776,53.24649],[-6.14779,53.24653],[-6.14783,53.24658],[-6.14788,53.24663],[-6.14791,53.24668],[-6.14794,53.24672],[-6.14797,53.24675],[-6.14801,53.24683],[-6.14803,53.24688],[-6.14806,53.24693],[-6.14808,53.247],[-6.14811,53.24707],[-6.14815,53.24718],[-6.14818,53.24727],[-6.14821,53.24734],[-6.14823,53.2474],[-6.14826,53.24746],[-6.14829,53.24752],[-6.14831,53.24758],[-6.14834,53.24763],[-6.14838,53.24768],[-6.14842,53.24774],[-6.14846,53.24778],[-6.14849,53.24782],[-6.14855,53.24789],[-6.14859,53.24793],[-6.14864,53.24797],[-6.14868,53.24801],[-6.14876,53.24807],[-6.14884,53.24813],[-6.14892,53.24818],[-6.14898,53.24822],[-6.14904,53.24826],[-6.14911,53.2483],[-6.14916,53.24833],[-6.14924,53.24836],[-6.1493,53.24839],[-6.14938,53.24843],[-6.14957,53.2485],[-6.14974,53.24857],[-6.1501,53.24871],[-6.15025,53.24877],[-6.15052,53.24887],[-6.15085,53.249],[-6.15116,53.24912],[-6.15153,53.24926],[-6.15199,53.24943],[-6.15239,53.24959],[-6.1529,53.24979],[-6.15332,53.24994],[-6.15369,53.25008],[-6.15388,53.25016],[-6.15396,53.25019],[-6.15409,53.25024],[-6.15459,53.25043],[-6.15502,53.2506],[-6.15544,53.25076],[-6.15581,53.2509],[-6.15599,53.25097],[-6.15622,53.25105],[-6.15632,53.25109],[-6.15652,53.25117],[-6.15671,53.25124],[-6.15691,53.25132],[-6.15707,53.25138],[-6.1572,53.25144],[-6.15734,53.2515],[-6.15744,53.25155],[-6.15753,53.25159],[-6.15762,53.25164],[-6.15774,53.2517],[-6.1579,53.2518],[-6.15804,53.25188],[-6.15817,53.25195],[-6.1583,53.25203]],[[-6.1583,53.25203],[-6.15847,53.25211],[-6.15857,53.25215],[-6.1587,53.25221],[-6.15885,53.25228],[-6.15905,53.25235],[-6.15921,53.2524],[-6.15935,53.25244],[-6.15952,53.25248],[-6.15975,53.25252],[-6.15986,53.25254],[-6.15999,53.25255],[-6.16012,53.25256],[-6.16034,53.25257]],[[-6.16034,53.25257],[-6.16049,53.25258],[-6.16078,53.25259],[-6.16115,53.2526],[-6.16165,53.25261],[-6.1621,53.25263],[-6.16244,53.25264],[-6.16267,53.25265],[-6.1632,53.25268]],[[-6.1632,53.25268],[-6.16361,53.25272]],[[-6.16361,53.25272],[-6.1639,53.25276],[-6.16437,53.25282],[-6.1647,53.25286],[-6.16491,53.2529],[-6.16518,53.25294],[-6.16543,53.25299],[-6.16563,53.25302],[-6.16597,53.25309],[-6.16612,53.25312],[-6.16639,53.25318],[-6.16667,53.25325],[-6.16723,53.25339],[-6.16788,53.25354],[-6.16839,53.25366],[-6.16876,53.25374],[-6.16941,53.25389],[-6.16952,53.25392],[-6.16996,53.25402],[-6.17047,53.25414],[-6.17059,53.25416],[-6.17082,53.25422],[-6.17114,53.25428],[-6.17135,53.25432],[-6.1716,53.25437],[-6.17178,53.25441],[-6.17195,53.25445],[-6.17207,53.25448],[-6.17253,53.25458],[-6.17271,53.25463],[-6.1729,53.25467],[-6.1731,53.25472],[-6.17334,53.25478],[-6.17353,53.25483],[-6.1737,53.25488],[-6.17389,53.25493],[-6.17409,53.25499],[-6.17432,53.25507],[-6.17455,53.25514],[-6.17478,53.25522],[-6.1752,53.25536],[-6.17566,53.25551],[-6.17575,53.25554],[-6.17594,53.25561],[-6.17613,53.25566],[-6.17631,53.25572],[-6.17644,53.25575],[-6.17656,53.25577],[-6.17668,53.2558],[-6.17678,53.25582],[-6.17686,53.25583],[-6.17698,53.25585],[-6.17707,53.25586],[-6.17721,53.25587],[-6.17732,53.25588],[-6.17743,53.25588],[-6.1776,53.25589],[-6.17772,53.25589],[-6.17785,53.25589],[-6.17794,53.25588],[-6.17802,53.25588],[-6.17815,53.25587],[-6.17829,53.25585],[-6.17845,53.25583],[-6.1786,53.25581],[-6.17873,53.25578],[-6.17885,53.25576],[-6.17898,53.25572],[-6.17908,53.2557],[-6.17919,53.25566],[-6.17926,53.25564]],[[-6.17926,53.25564],[-6.17934,53.25561],[-6.17945,53.25558],[-6.17958,53.25552],[-6.17969,53.25548],[-6.17986,53.2554],[-6.18004,53.25532],[-6.1803,53.25521],[-6.18048,53.25513],[-6.18057,53.25509],[-6.18068,53.25505],[-6.18079,53.255],[-6.18091,53.25496],[-6.18098,53.25494],[-6.18105,53.25492],[-6.18111,53.2549],[-6.18118,53.25488],[-6.18132,53.25485],[-6.18142,53.25483],[-6.1815,53.25481],[-6.18162,53.25479]],[[-6.18162,53.25479],[-6.18173,53.25477],[-6.18181,53.25476],[-6.1819,53.25475],[-6.18205,53.25473],[-6.18216,53.25472],[-6.18228,53.25472],[-6.18239,53.25471],[-6.18247,53.25471],[-6.18254,53.25471],[-6.18283,53.25472],[-6.18295,53.25473],[-6.18307,53.25474],[-6.18318,53.25475],[-6.1833,53.25477],[-6.18341,53.25478],[-6.18354,53.25481],[-6.18366,53.25483],[-6.18395,53.2549],[-6.1841,53.25493],[-6.18444,53.25501],[-6.18503,53.25515],[-6.18519,53.25519],[-6.18534,53.25523],[-6.18565,53.2553],[-6.18598,53.25538],[-6.18684,53.25558],[-6.18738,53.25571],[-6.18788,53.25583],[-6.18885,53.25603],[-6.18938,53.25615],[-6.18978,53.25624],[-6.18991,53.25626],[-6.19067,53.25643],[-6.19142,53.25659],[-6.19219,53.25676],[-6.19276,53.25689],[-6.19354,53.25705],[-6.19385,53.25712],[-6.19438,53.25724],[-6.19491,53.25735],[-6.19544,53.25747],[-6.1959,53.25757],[-6.1963,53.25767],[-6.19677,53.25779],[-6.19691,53.25783],[-6.19716,53.2579],[-6.19731,53.25794],[-6.19796,53.25813],[-6.1984,53.25826],[-6.19887,53.2584],[-6.19908,53.25846],[-6.19924,53.25852],[-6.19962,53.25865],[-6.20013,53.25885],[-6.20069,53.25908],[-6.20116,53.25926],[-6.20159,53.25943],[-6.20195,53.25957],[-6.2024,53.25971],[-6.2028,53.25984],[-6.20326,53.26],[-6.20362,53.26014],[-6.20388,53.26025],[-6.20413,53.26036],[-6.20436,53.26047],[-6.20468,53.26063],[-6.20487,53.26071],[-6.20506,53.26079],[-6.20526,53.26087],[-6.20539,53.26092],[-6.20553,53.26097],[-6.20595,53.26112],[-6.20645,53.2613],[-6.20692,53.26147],[-6.20734,53.26162],[-6.20775,53.26176],[-6.20819,53.26191],[-6.20863,53.26207],[-6.20901,53.2622],[-6.20933,53.26231],[-6.20958,53.2624],[-6.20976,53.26247],[-6.2099,53.26254],[-6.21004,53.26261],[-6.21016,53.26268],[-6.2103,53.26278],[-6.21041,53.26286],[-6.21053,53.26298],[-6.21058,53.26303],[-6.21063,53.26308],[-6.21068,53.26315],[-6.21077,53.26327],[-6.21082,53.26336],[-6.21086,53.26344],[-6.2109,53.26355],[-6.21092,53.26364],[-6.21094,53.26372],[-6.21095,53.2638],[-6.21095,53.26389],[-6.21094,53.264],[-6.21093,53.26413],[-6.21091,53.26429],[-6.21088,53.26446],[-6.21083,53.26481],[-6.21082,53.26488],[-6.21079,53.26508],[-6.21077,53.26521],[-6.21073,53.26533],[-6.2107,53.26543],[-6.21066,53.26551],[-6.2106,53.2656],[-6.21051,53.26572],[-6.21038,53.26587],[-6.21025,53.26604],[-6.21022,53.26607],[-6.21004,53.26629],[-6.20983,53.26655],[-6.20976,53.26663],[-6.2097,53.2667],[-6.20954,53.26689],[-6.20947,53.26698],[-6.2094,53.26706],[-6.20932,53.26715],[-6.20926,53.26722],[-6.20918,53.26729],[-6.20908,53.26737],[-6.209,53.26744],[-6.20894,53.26748],[-6.20885,53.26754],[-6.20877,53.26758],[-6.20866,53.26764],[-6.20855,53.2677],[-6.20841,53.26776],[-6.20827,53.26782],[-6.20818,53.26785],[-6.20806,53.26789],[-6.20794,53.26792]],[[-6.20794,53.26792],[-6.20778,53.26796],[-6.20762,53.268],[-6.20746,53.26803],[-6.20726,53.26807],[-6.2071,53.2681],[-6.20695,53.26813],[-6.2068,53.26816],[-6.2066,53.26821],[-6.20645,53.26825],[-6.20632,53.26829],[-6.20618,53.26834],[-6.20605,53.26839],[-6.20595,53.26844],[-6.20583,53.2685],[-6.2057,53.26857],[-6.2056,53.26863],[-6.20551,53.26869],[-6.20541,53.26876],[-6.20536,53.2688],[-6.20531,53.26884],[-6.20523,53.26891],[-6.20516,53.26898],[-6.20511,53.26905],[-6.20502,53.26915],[-6.20492,53.26927]],[[-6.20492,53.26927],[-6.20485,53.26935],[-6.20478,53.26944],[-6.2047,53.26952],[-6.20463,53.26959],[-6.20458,53.26963],[-6.20449,53.2697],[-6.20439,53.26978],[-6.20428,53.26985],[-6.2042,53.2699],[-6.20415,53.26994],[-6.20387,53.27012],[-6.20347,53.27038],[-6.20328,53.27049],[-6.20302,53.27066],[-6.20274,53.27084],[-6.20243,53.27104],[-6.20178,53.27146],[-6.2016,53.27159],[-6.20157,53.27162],[-6.20144,53.2717],[-6.20135,53.27179],[-6.20116,53.27196],[-6.20098,53.27214]],[[-6.20098,53.27214],[-6.20088,53.27224],[-6.20082,53.27229],[-6.20079,53.27233],[-6.20074,53.27239],[-6.20072,53.27242],[-6.20071,53.27246],[-6.20069,53.2725],[-6.20069,53.27253],[-6.20069,53.27257],[-6.20069,53.2726],[-6.20069,53.27262],[-6.20071,53.27266],[-6.20072,53.27269],[-6.20075,53.27274],[-6.20078,53.27277],[-6.2008,53.2728],[-6.20083,53.27283],[-6.20088,53.27286],[-6.20093,53.27289],[-6.20098,53.27292],[-6.20101,53.27293],[-6.20108,53.27295],[-6.20113,53.27297],[-6.20124,53.273],[-6.20154,53.27307],[-6.20198,53.27317],[-6.20225,53.27324]],[[-6.20225,53.27324],[-6.20248,53.27329],[-6.2026,53.27332],[-6.20293,53.2734],[-6.20323,53.27347],[-6.20348,53.27353],[-6.20354,53.27354],[-6.20359,53.27356],[-6.20364,53.27358],[-6.20369,53.2736],[-6.20374,53.27362],[-6.20379,53.27365],[-6.20384,53.27368],[-6.20389,53.27372]],[[-6.20392,53.27727],[-6.20384,53.27725],[-6.20379,53.27723],[-6.20372,53.27719],[-6.20367,53.27717],[-6.20362,53.27713],[-6.20358,53.2771],[-6.20355,53.27707],[-6.20352,53.27703],[-6.20349,53.27699],[-6.20348,53.27696],[-6.20347,53.27692],[-6.20346,53.27688],[-6.20345,53.27667],[-6.20344,53.27648],[-6.20343,53.27644],[-6.20343,53.27639],[-6.2034,53.27622],[-6.20336,53.27594],[-6.20334,53.27579],[-6.20333,53.27567],[-6.20333,53.27554],[-6.20333,53.27542],[-6.20334,53.27533],[-6.20337,53.27522],[-6.2034,53.27509],[-6.20347,53.27493],[-6.20352,53.27483],[-6.2036,53.27468],[-6.20367,53.27457],[-6.20378,53.27442],[-6.20393,53.27422],[-6.20395,53.27419],[-6.20397,53.27416],[-6.204,53.27412],[-6.20402,53.27407],[-6.20402,53.27403],[-6.20403,53.27399],[-6.20402,53.27395],[-6.20401,53.2739],[-6.204,53.27388],[-6.204,53.27387],[-6.20399,53.27385],[-6.20396,53.2738],[-6.20393,53.27375],[-6.20389,53.27372]],[[-6.20392,53.27727],[-6.20441,53.27744],[-6.20497,53.27763],[-6.20529,53.27774],[-6.20537,53.27777],[-6.20547,53.27781],[-6.2056,53.27786],[-6.20569,53.27791],[-6.20581,53.27796],[-6.20593,53.27802]],[[-6.20593,53.27802],[-6.20605,53.27806],[-6.20697,53.27836],[-6.20727,53.27846],[-6.20755,53.27855],[-6.20813,53.27874],[-6.20871,53.27893],[-6.20959,53.2792],[-6.21019,53.27939],[-6.21065,53.27953],[-6.21076,53.27957],[-6.21088,53.2796],[-6.211,53.27964],[-6.21133,53.27975],[-6.21161,53.27984],[-6.2122,53.28004],[-6.21266,53.28019],[-6.2133,53.28041],[-6.21397,53.28063],[-6.21428,53.28073]],[[-6.21428,53.28073],[-6.21516,53.28102],[-6.21576,53.28122],[-6.21601,53.2813],[-6.21635,53.28141],[-6.21667,53.28151],[-6.21734,53.28173],[-6.21756,53.2818],[-6.21812,53.28198],[-6.2184,53.28206],[-6.21867,53.28213],[-6.21918,53.28227],[-6.21934,53.28231],[-6.21967,53.28238],[-6.21982,53.28242],[-6.22004,53.28247],[-6.22055,53.28257],[-6.22105,53.28266],[-6.22149,53.28273],[-6.22186,53.28278],[-6.22232,53.28284],[-6.22276,53.28289],[-6.22295,53.28291],[-6.22315,53.28293],[-6.2233,53.28295],[-6.22391,53.28299],[-6.22429,53.28302],[-6.22475,53.28305],[-6.22518,53.28308],[-6.22553,53.28311],[-6.22577,53.28313],[-6.22669,53.28323],[-6.22706,53.28328],[-6.22736,53.28332],[-6.228,53.2834],[-6.22822,53.28343],[-6.22854,53.28348],[-6.22866,53.2835],[-6.22932,53.2836],[-6.2296,53.28366],[-6.22997,53.28372],[-6.2306,53.28385],[-6.23083,53.28391],[-6.23139,53.28403],[-6.23188,53.28415],[-6.23247,53.2843],[-6.23275,53.28438],[-6.23309,53.28448],[-6.23359,53.28463],[-6.23381,53.2847],[-6.23402,53.28477],[-6.23418,53.28483],[-6.23433,53.28488],[-6.23452,53.28495],[-6.23469,53.28503],[-6.23486,53.2851],[-6.23506,53.28519],[-6.23545,53.28537],[-6.23558,53.28543],[-6.23587,53.28557]],[[-6.23587,53.28557],[-6.23616,53.28571],[-6.23623,53.28576],[-6.23631,53.2858],[-6.23649,53.2859]],[[-6.23649,53.2859],[-6.23656,53.28595],[-6.23659,53.28597],[-6.23673,53.28605],[-6.23687,53.28615]],[[-6.23687,53.28615],[-6.23716,53.28634],[-6.2374,53.28651],[-6.23767,53.28672]],[[-6.23767,53.28672],[-6.23791,53.2869],[-6.23814,53.28707],[-6.23873,53.28752],[-6.23921,53.28788],[-6.23941,53.28805],[-6.23961,53.2882],[-6.24002,53.28851],[-6.24025,53.28868],[-6.24059,53.28894],[-6.24088,53.28916],[-6.24119,53.28939],[-6.24141,53.28956],[-6.24165,53.28974],[-6.24193,53.28995],[-6.24226,53.29021],[-6.24252,53.29041],[-6.24265,53.29051],[-6.24288,53.2907]],[[-6.24288,53.2907],[-6.24307,53.29084],[-6.24332,53.29103],[-6.2435,53.29116],[-6.24372,53.29132],[-6.24397,53.2915],[-6.24422,53.29168],[-6.24436,53.29178],[-6.24461,53.29197],[-6.24477,53.29208],[-6.24516,53.29238],[-6.24537,53.29255]],[[-6.24537,53.29255],[-6.24543,53.2926],[-6.24673,53.29365],[-6.24708,53.29395]],[[-6.25137,53.3069],[-6.25134,53.30666],[-6.2513,53.30626],[-6.25125,53.30584],[-6.2512,53.30544],[-6.25115,53.30501],[-6.2511,53.30462],[-6.25105,53.30423],[-6.25101,53.30381],[-6.25096,53.30339],[-6.25091,53.30301],[-6.25086,53.3026],[-6.25082,53.30228],[-6.25077,53.30179],[-6.25074,53.30159],[-6.25063,53.30066],[-6.25058,53.30025],[-6.25053,53.29996],[-6.25048,53.29965],[-6.25042,53.29939],[-6.25032,53.29902],[-6.25026,53.29881],[-6.25018,53.29859],[-6.25006,53.29824],[-6.24992,53.29792],[-6.24983,53.29773],[-6.24974,53.29753],[-6.24964,53.29733],[-6.24954,53.29714],[-6.24938,53.29685],[-6.2492,53.29657],[-6.24889,53.2961],[-6.24871,53.29585],[-6.24858,53.29568],[-6.24836,53.29537],[-6.24813,53.29508],[-6.2478,53.29467],[-6.24759,53.29443],[-6.24747,53.29431],[-6.24729,53.29413],[-6.24708,53.29395]],[[-6.25146,53.30762],[-6.25144,53.30742],[-6.25139,53.30703],[-6.25137,53.3069]],[[-6.25146,53.30762],[-6.2515,53.30793],[-6.25154,53.30833],[-6.25159,53.30874]],[[-6.25159,53.30874],[-6.25163,53.30908],[-6.25171,53.30962],[-6.25172,53.30968]],[[-6.25172,53.30968],[-6.25176,53.30991],[-6.25181,53.31028],[-6.25183,53.31043],[-6.25184,53.31052],[-6.25185,53.31059],[-6.2519,53.31082],[-6.252,53.31121],[-6.25209,53.31152],[-6.25213,53.31168],[-6.25225,53.3121],[-6.25232,53.31237],[-6.25244,53.31278],[-6.25251,53.31303],[-6.25258,53.3133],[-6.25264,53.31353],[-6.2527,53.31374],[-6.25279,53.31405],[-6.25289,53.3144],[-6.25295,53.31462],[-6.253,53.3148],[-6.25311,53.3152],[-6.25322,53.3156],[-6.25331,53.31591],[-6.2534,53.31624],[-6.25347,53.31648],[-6.25353,53.3167],[-6.25355,53.31676],[-6.25358,53.31688],[-6.25366,53.3172],[-6.25374,53.31748],[-6.25378,53.31762]],[[-6.25378,53.31762],[-6.25385,53.31788],[-6.25388,53.31799],[-6.25395,53.31823],[-6.254,53.31841],[-6.25407,53.31866],[-6.25422,53.31922],[-6.2543,53.31949],[-6.25433,53.31959],[-6.2544,53.31984],[-6.25447,53.3201],[-6.25453,53.32033],[-6.25457,53.3205],[-6.25467,53.32084],[-6.25473,53.32108],[-6.25475,53.32113],[-6.25477,53.32119],[-6.2548,53.32129],[-6.25488,53.32164],[-6.25498,53.32197]],[[-6.25573,53.32467],[-6.25569,53.32452],[-6.25562,53.32428],[-6.25557,53.32411],[-6.25553,53.32397],[-6.25545,53.32368],[-6.25542,53.32357],[-6.25536,53.32336],[-6.25529,53.32308],[-6.25525,53.32294],[-6.2552,53.32275],[-6.25509,53.32239],[-6.25498,53.32197]],[[-6.25577,53.3248],[-6.25573,53.32467]],[[-6.25577,53.3248],[-6.2558,53.32494]],[[-6.2558,53.32494],[-6.25585,53.32513],[-6.25592,53.32535],[-6.256,53.32565],[-6.25608,53.32591],[-6.25613,53.32608]],[[-6.25613,53.32608],[-6.25616,53.32621],[-6.25618,53.32628],[-6.25629,53.32668]],[[-6.25629,53.32668],[-6.25638,53.32699],[-6.25643,53.32717],[-6.25649,53.32736],[-6.25653,53.3275],[-6.25657,53.32765],[-6.25663,53.32781],[-6.25669,53.32797],[-6.25677,53.32815],[-6.25684,53.32831],[-6.25687,53.32837],[-6.25692,53.32846],[-6.25696,53.32853]],[[-6.25696,53.32853],[-6.25698,53.32858],[-6.25702,53.32865]],[[-6.25702,53.32865],[-6.25709,53.32877],[-6.25716,53.32888],[-6.25721,53.32895],[-6.25731,53.32911],[-6.25745,53.3293],[-6.25754,53.32942]],[[-6.25754,53.32942],[-6.25757,53.32946],[-6.25766,53.32956]],[[-6.25766,53.32956],[-6.25771,53.32962],[-6.25779,53.32971],[-6.2579,53.32983],[-6.25799,53.32992],[-6.2581,53.33003],[-6.25815,53.33009],[-6.25822,53.33016],[-6.25837,53.33031],[-6.25844,53.33037],[-6.25849,53.33043],[-6.25852,53.33046]],[[-6.25852,53.33046],[-6.25855,53.33049],[-6.25859,53.33054],[-6.25866,53.33063],[-6.25871,53.3307],[-6.25882,53.33087],[-6.25886,53.33094],[-6.2589,53.33102],[-6.25892,53.33106],[-6.259,53.33127]],[[-6.25944,53.33172],[-6.25939,53.33171],[-6.25937,53.3317],[-6.25933,53.33168],[-6.25929,53.33166],[-6.25926,53.33164],[-6.25922,53.33162],[-6.25919,53.33159],[-6.25915,53.33156],[-6.25913,53.33153],[-6.2591,53.3315],[-6.25908,53.33147],[-6.25906,53.33142],[-6.25903,53.33135],[-6.259,53.33127]],[[-6.26089,53.33966],[-6.26109,53.33941],[-6.26117,53.3393],[-6.2612,53.33927],[-6.26136,53.33907],[-6.26149,53.3389],[-6.26156,53.33881],[-6.26163,53.33872],[-6.26196,53.33831],[-6.26232,53.33785],[-6.26235,53.33782],[-6.26237,53.3378],[-6.26239,53.33778],[-6.26243,53.33774],[-6.26246,53.33772],[-6.2625,53.33768],[-6.26256,53.33764],[-6.2626,53.33761],[-6.26262,53.33759],[-6.26265,53.33757],[-6.26267,53.33754],[-6.26269,53.33753],[-6.2627,53.33751],[-6.26273,53.33748],[-6.26275,53.33746],[-6.26276,53.33744],[-6.26277,53.33743],[-6.2628,53.33739],[-6.26283,53.33736],[-6.26286,53.3373],[-6.26289,53.33723],[-6.26294,53.33714],[-6.263,53.33701],[-6.26306,53.33689],[-6.2631,53.33681],[-6.26315,53.33671],[-6.26317,53.33665],[-6.26318,53.33661],[-6.26319,53.33657],[-6.26323,53.33644],[-6.26324,53.33635],[-6.26326,53.33626],[-6.26327,53.33618],[-6.2633,53.33604],[-6.26331,53.33597],[-6.26331,53.3359],[-6.26332,53.33584],[-6.26332,53.33575],[-6.26331,53.33569],[-6.26331,53.33559],[-6.26329,53.33547],[-6.26328,53.33544],[-6.26326,53.3353],[-6.26325,53.33517],[-6.26321,53.33493],[-6.26319,53.3348],[-6.26316,53.33467],[-6.26314,53.33461],[-6.2631,53.33446],[-6.26305,53.33434],[-6.26298,53.33418],[-6.26294,53.33409],[-6.26287,53.33385],[-6.26284,53.33377],[-6.26275,53.33353],[-6.26268,53.33336],[-6.2626,53.33315],[-6.26256,53.33308],[-6.26253,53.33301],[-6.26251,53.33298],[-6.26248,53.33294],[-6.26245,53.33292],[-6.26242,53.33289],[-6.26237,53.33286],[-6.26233,53.33284],[-6.26226,53.33282],[-6.26222,53.3328],[-6.26218,53.3328],[-6.26211,53.33279],[-6.26203,53.33278],[-6.26188,53.33278],[-6.2618,53.33279],[-6.26141,53.3328],[-6.26122,53.3328],[-6.26107,53.3328],[-6.26098,53.33281],[-6.2609,53.33281],[-6.26083,53.3328],[-6.26078,53.3328],[-6.26072,53.33278],[-6.26064,53.33276],[-6.26061,53.33275],[-6.26058,53.33273],[-6.26055,53.3327],[-6.26052,53.33268],[-6.2605,53.33265],[-6.26049,53.33263],[-6.26048,53.33261],[-6.26046,53.33256],[-6.26044,53.3325],[-6.26043,53.33247],[-6.26041,53.33236],[-6.2604,53.33232],[-6.26039,53.33229],[-6.26037,53.33224],[-6.26036,53.33222],[-6.26035,53.3322],[-6.26032,53.33216],[-6.26031,53.33214],[-6.26027,53.33209],[-6.26022,53.33204],[-6.26017,53.332],[-6.2601,53.33195],[-6.26005,53.33192],[-6.25999,53.33189],[-6.25993,53.33186],[-6.25986,53.33184],[-6.25977,53.33181],[-6.25967,53.33178],[-6.25955,53.33176],[-6.25949,53.33174],[-6.25944,53.33172]],[[-6.26089,53.33966],[-6.26085,53.3397],[-6.26082,53.33973],[-6.26079,53.33975],[-6.26076,53.33976],[-6.26074,53.33977],[-6.26069,53.33979],[-6.26067,53.3398],[-6.26064,53.3398],[-6.2606,53.33981],[-6.26058,53.33982],[-6.26056,53.33982],[-6.26053,53.33982],[-6.2605,53.33982],[-6.26047,53.33982],[-6.26045,53.33982],[-6.26042,53.33982],[-6.26038,53.33981],[-6.26035,53.33981],[-6.26031,53.3398],[-6.26019,53.33977],[-6.25989,53.33969]],[[-6.25989,53.33969],[-6.25981,53.33967],[-6.25943,53.33957],[-6.25925,53.33953],[-6.25922,53.33952],[-6.25919,53.33951],[-6.25916,53.33951],[-6.25913,53.33951],[-6.2591,53.3395],[-6.25906,53.3395],[-6.25902,53.33951],[-6.25899,53.33951],[-6.25894,53.33952],[-6.25891,53.33953],[-6.25889,53.33953],[-6.25886,53.33954],[-6.25883,53.33955],[-6.25881,53.33957],[-6.25879,53.33958],[-6.25877,53.3396],[-6.25873,53.33964],[-6.25871,53.33968],[-6.25869,53.33971],[-6.25868,53.33974],[-6.25863,53.33989],[-6.25858,53.34007],[-6.25854,53.34019]],[[-6.25854,53.34019],[-6.25853,53.34024],[-6.25846,53.34049],[-6.25829,53.3411],[-6.25822,53.3413],[-6.25815,53.34158],[-6.25812,53.34169],[-6.25812,53.34171],[-6.25809,53.3418],[-6.25806,53.34194],[-6.25799,53.34217],[-6.25786,53.34261]],[[-6.25786,53.34261],[-6.25786,53.34262],[-6.25783,53.3427],[-6.25782,53.34274],[-6.25782,53.34275],[-6.25782,53.34276],[-6.25782,53.34278],[-6.25782,53.3428],[-6.25784,53.34284],[-6.25785,53.34286],[-6.25787,53.34287],[-6.25788,53.34289],[-6.25792,53.34292],[-6.25794,53.34293],[-6.25796,53.34294],[-6.25802,53.34297],[-6.25809,53.34298],[-6.25812,53.34299],[-6.25897,53.34315],[-6.25904,53.34317],[-6.25909,53.34318],[-6.25913,53.3432],[-6.25918,53.34322],[-6.25922,53.34324],[-6.25925,53.34327],[-6.25928,53.3433],[-6.2593,53.34332],[-6.25932,53.34335],[-6.25933,53.34338],[-6.25933,53.3434],[-6.25933,53.34343],[-6.25933,53.34346],[-6.25931,53.3435],[-6.25929,53.34354],[-6.25927,53.34361],[-6.25925,53.34367],[-6.25923,53.34374],[-6.25923,53.34378],[-6.25922,53.34383],[-6.25922,53.34387],[-6.25922,53.34391],[-6.25922,53.34395],[-6.25923,53.34398],[-6.25924,53.34402],[-6.25926,53.34406],[-6.2593,53.34412],[-6.25939,53.34423],[-6.25945,53.3443],[-6.25948,53.34434],[-6.25951,53.34439],[-6.25952,53.34444],[-6.25953,53.34446],[-6.25952,53.3445],[-6.25952,53.34453],[-6.2595,53.34456],[-6.25948,53.3446],[-6.25945,53.34463],[-6.25944,53.34465],[-6.25939,53.34469],[-6.25931,53.34477],[-6.25927,53.34482],[-6.25924,53.34486],[-6.25919,53.34492]],[[-6.25919,53.34492],[-6.25915,53.34498],[-6.25912,53.34504],[-6.25909,53.34509],[-6.25907,53.34514],[-6.25904,53.34522],[-6.25903,53.34525],[-6.25902,53.3453],[-6.25902,53.34532],[-6.25901,53.34538],[-6.259,53.34543],[-6.259,53.34586],[-6.25901,53.34594],[-6.25902,53.34633],[-6.25902,53.34671],[-6.25902,53.34679],[-6.25903,53.34685],[-6.25904,53.34688],[-6.25905,53.34691],[-6.25906,53.34694],[-6.25908,53.34699],[-6.25909,53.34701],[-6.2591,53.34704]],[[-6.2591,53.34704],[-6.25911,53.34705],[-6.25932,53.34744],[-6.25933,53.34745]],[[-6.25933,53.34745],[-6.25935,53.34749],[-6.25936,53.34752],[-6.25938,53.34757],[-6.2594,53.34763]],[[-6.2594,53.34763],[-6.25948,53.34782],[-6.25958,53.34805],[-6.25962,53.34816],[-6.25967,53.34828],[-6.25971,53.34837],[-6.25971,53.34837],[-6.25972,53.34839],[-6.25976,53.34847],[-6.25992,53.34884],[-6.26005,53.34915],[-6.26024,53.34958],[-6.26033,53.3498],[-6.26039,53.34992],[-6.26041,53.34997],[-6.26045,53.35013]],[[-6.26045,53.35013],[-6.26048,53.35023],[-6.2605,53.35032],[-6.26053,53.35038],[-6.26054,53.35042],[-6.26087,53.35117],[-6.26097,53.35139],[-6.26106,53.35159],[-6.26122,53.35197]],[[-6.26122,53.35197],[-6.26133,53.35222]],[[-6.26133,53.35222],[-6.26136,53.35227],[-6.2614,53.35232],[-6.26142,53.35234],[-6.26145,53.35236],[-6.26148,53.35238],[-6.26152,53.35239],[-6.26155,53.35241],[-6.26158,53.35241],[-6.26161,53.35242],[-6.26165,53.35243],[-6.26169,53.35243],[-6.26173,53.35243],[-6.26177,53.35243],[-6.26181,53.35243],[-6.26185,53.35242],[-6.26188,53.35241],[-6.26192,53.3524],[-6.26197,53.35238],[-6.26233,53.3522],[-6.26249,53.35212],[-6.26252,53.35211],[-6.2626,53.35206],[-6.26282,53.35195],[-6.26303,53.35183],[-6.26313,53.35178],[-6.2634,53.35163],[-6.26355,53.35155],[-6.26368,53.35148],[-6.26389,53.35139],[-6.26416,53.35126],[-6.26436,53.35118],[-6.26449,53.35112],[-6.26461,53.35107],[-6.26467,53.35105],[-6.26473,53.35104],[-6.26477,53.35103],[-6.26481,53.35102],[-6.26487,53.35102],[-6.26492,53.35103],[-6.26497,53.35103],[-6.26503,53.35104],[-6.26509,53.35107],[-6.26514,53.35108],[-6.26519,53.35111],[-6.26573,53.35142]],[[-6.26573,53.35142],[-6.26595,53.35155],[-6.26621,53.3517],[-6.26665,53.35195],[-6.26673,53.352],[-6.26684,53.35205],[-6.2673,53.35232],[-6.26792,53.35267],[-6.26806,53.35275],[-6.26821,53.35281],[-6.26824,53.35283],[-6.26837,53.35289],[-6.26847,53.35293],[-6.26852,53.35295],[-6.2687,53.35304],[-6.2691,53.35321],[-6.26995,53.35357],[-6.27062,53.35385],[-6.27119,53.3541],[-6.27173,53.35433],[-6.27184,53.35437],[-6.27189,53.35439],[-6.27197,53.35441],[-6.27204,53.35442],[-6.27211,53.35443],[-6.27216,53.35443],[-6.27223,53.35442],[-6.2723,53.35441],[-6.27235,53.35441],[-6.27242,53.35439],[-6.27294,53.35426],[-6.27299,53.35425],[-6.27312,53.35422],[-6.27327,53.35418],[-6.27377,53.35406],[-6.27421,53.35394],[-6.27444,53.35389],[-6.27449,53.35388]],[[-6.27449,53.35388],[-6.27456,53.35387],[-6.27464,53.35386],[-6.27471,53.35386],[-6.27478,53.35386],[-6.27488,53.35386],[-6.27496,53.35387],[-6.27503,53.35389],[-6.2751,53.3539],[-6.27516,53.35392],[-6.27524,53.35396],[-6.2753,53.35398],[-6.27535,53.35401],[-6.2754,53.35406],[-6.27545,53.3541],[-6.27551,53.35418],[-6.27561,53.3543],[-6.27591,53.35467]],[[-6.27591,53.35467],[-6.2762,53.35502],[-6.27715,53.35619],[-6.27721,53.35628],[-6.27727,53.35638],[-6.27731,53.3565],[-6.27735,53.35663],[-6.27737,53.35678],[-6.27737,53.35688],[-6.27736,53.3571],[-6.27735,53.3575],[-6.27734,53.35759],[-6.27733,53.35795],[-6.27733,53.35806],[-6.27734,53.35817],[-6.27735,53.35825],[-6.27737,53.35831],[-6.27739,53.35838],[-6.27742,53.35846],[-6.27749,53.35857]],[[-6.27749,53.35857],[-6.27761,53.35873],[-6.27814,53.35941],[-6.27868,53.3601],[-6.27893,53.36042],[-6.27911,53.36065],[-6.27931,53.36091],[-6.27995,53.36174],[-6.28177,53.36406],[-6.28182,53.36412],[-6.2822,53.3646],[-6.28225,53.36467]],[[-6.28225,53.36467],[-6.28335,53.36607],[-6.28349,53.36624],[-6.28378,53.36657]],[[-6.28378,53.36657],[-6.28398,53.36679],[-6.28455,53.36736],[-6.28484,53.36761],[-6.28504,53.36778],[-6.28539,53.36807],[-6.28588,53.36844],[-6.28624,53.36869],[-6.28646,53.36884]],[[-6.28646,53.36884],[-6.28674,53.36902],[-6.28689,53.36912],[-6.28697,53.36917],[-6.2883,53.37],[-6.2885,53.37013],[-6.28868,53.37022],[-6.28889,53.37033],[-6.28913,53.37044],[-6.28934,53.37052],[-6.28962,53.37062]],[[-6.28962,53.37062],[-6.28984,53.37068],[-6.29005,53.37074],[-6.29032,53.37079],[-6.29073,53.37086],[-6.29104,53.37091]],[[-6.29104,53.37091],[-6.29161,53.371],[-6.29253,53.37114],[-6.29298,53.37122],[-6.29327,53.37128],[-6.29426,53.37149],[-6.29537,53.37173],[-6.29609,53.37188],[-6.29636,53.37194]],[[-6.29636,53.37194],[-6.29641,53.37195],[-6.2972,53.37212],[-6.29809,53.37232],[-6.29817,53.37233],[-6.29832,53.37236]],[[-6.2983,53.37239],[-6.29815,53.37236],[-6.29808,53.37234],[-6.29718,53.37215],[-6.29679,53.37207],[-6.29569,53.37183],[-6.2933,53.37131],[-6.29285,53.37123],[-6.29234,53.37114],[-6.29104,53.37095],[-6.29064,53.37088],[-6.29024,53.37081],[-6.28999,53.37075],[-6.28978,53.3707],[-6.28961,53.37065]],[[-6.28961,53.37065],[-6.28935,53.37056],[-6.2892,53.3705],[-6.28906,53.37045],[-6.28893,53.37039],[-6.28879,53.37032],[-6.28866,53.37025],[-6.28852,53.37017],[-6.28838,53.37009],[-6.28675,53.36907],[-6.2866,53.36897],[-6.28636,53.36882],[-6.28611,53.36865],[-6.28592,53.36852],[-6.28544,53.36816],[-6.28508,53.36787],[-6.28482,53.36764],[-6.28456,53.36741],[-6.28426,53.36712],[-6.28394,53.3668],[-6.28374,53.36658]],[[-6.28374,53.36658],[-6.28334,53.36611],[-6.28216,53.36461],[-6.28178,53.36413],[-6.28173,53.36407],[-6.28154,53.36381]],[[-6.28154,53.36381],[-6.2799,53.36174],[-6.27926,53.3609],[-6.27908,53.36066],[-6.2789,53.36043],[-6.27864,53.36011],[-6.27817,53.35952]],[[-6.27817,53.35952],[-6.27795,53.35924],[-6.27774,53.35896],[-6.27745,53.35858]],[[-6.27745,53.35858],[-6.2774,53.35851],[-6.27737,53.35844],[-6.27734,53.35838],[-6.27732,53.35831],[-6.2773,53.35825],[-6.27729,53.35815],[-6.27728,53.358],[-6.27729,53.35759],[-6.2773,53.3575],[-6.27731,53.35711],[-6.27732,53.35688],[-6.27732,53.35679],[-6.27731,53.35664],[-6.27728,53.35652],[-6.27723,53.3564],[-6.27714,53.35626],[-6.27708,53.35617],[-6.27616,53.35504],[-6.276,53.35484],[-6.27587,53.35468]],[[-6.27587,53.35468],[-6.27572,53.3545],[-6.27554,53.35428],[-6.27543,53.35414],[-6.27539,53.3541],[-6.27535,53.35406],[-6.2753,53.35403],[-6.27525,53.354],[-6.2752,53.35397],[-6.27514,53.35395],[-6.27508,53.35393],[-6.27501,53.35391],[-6.27494,53.3539],[-6.27487,53.35389],[-6.2748,53.35389],[-6.27473,53.35389],[-6.27466,53.35389],[-6.2746,53.35389],[-6.27455,53.3539],[-6.27451,53.35391]],[[-6.27451,53.35391],[-6.27445,53.35392],[-6.27434,53.35395],[-6.27423,53.35397],[-6.27379,53.35408],[-6.27328,53.35421],[-6.27314,53.35425],[-6.27297,53.35429],[-6.27284,53.35432],[-6.27242,53.35442],[-6.27232,53.35444],[-6.27224,53.35445],[-6.27216,53.35446],[-6.27208,53.35445],[-6.27196,53.35444],[-6.27189,53.35443],[-6.27179,53.35439],[-6.27165,53.35433],[-6.27162,53.35432],[-6.27117,53.35412],[-6.27059,53.35388],[-6.26992,53.35359],[-6.26981,53.35355],[-6.26917,53.35328],[-6.26911,53.35325],[-6.26896,53.35319],[-6.26876,53.35311],[-6.26856,53.35303],[-6.26847,53.35299],[-6.26842,53.35298],[-6.26832,53.35293],[-6.26825,53.35289],[-6.26819,53.35286],[-6.26805,53.35278],[-6.26727,53.35234],[-6.2668,53.35208],[-6.2667,53.35202],[-6.26639,53.35184]],[[-6.26639,53.35184],[-6.26627,53.35178],[-6.26607,53.35168],[-6.26596,53.35163],[-6.26589,53.35159],[-6.26553,53.35139],[-6.2651,53.35114],[-6.26504,53.35111],[-6.265,53.35109]],[[-6.265,53.35109],[-6.26495,53.35108],[-6.26492,53.35108],[-6.26489,53.35107],[-6.26485,53.35107],[-6.2648,53.35107],[-6.26475,53.35107],[-6.26469,53.35108],[-6.26464,53.3511],[-6.26453,53.35114],[-6.26439,53.3512],[-6.26418,53.35129],[-6.2638,53.35147],[-6.26358,53.35158],[-6.26346,53.35164],[-6.26323,53.35176],[-6.26316,53.3518],[-6.26305,53.35186],[-6.26295,53.35192],[-6.26281,53.35199],[-6.26264,53.35209],[-6.26252,53.35214],[-6.26192,53.35244],[-6.2618,53.3525],[-6.26167,53.35256],[-6.26164,53.35258],[-6.26163,53.35258],[-6.2616,53.35259]],[[-6.2616,53.35259],[-6.26155,53.35261],[-6.2615,53.35263],[-6.26138,53.35268],[-6.2613,53.35271],[-6.26124,53.35273],[-6.26117,53.35276],[-6.2611,53.35279]],[[-6.2611,53.35279],[-6.26103,53.35283],[-6.26092,53.35288],[-6.26047,53.35308],[-6.26013,53.35324],[-6.26007,53.35327]],[[-6.26007,53.35327],[-6.26003,53.35329],[-6.25999,53.3533],[-6.25995,53.35331],[-6.2599,53.35332],[-6.25985,53.35332],[-6.2598,53.35332],[-6.25974,53.35332],[-6.25968,53.3533],[-6.25963,53.35329],[-6.2596,53.35327],[-6.25957,53.35325],[-6.25952,53.35323],[-6.25949,53.3532],[-6.25948,53.35318],[-6.25946,53.35316],[-6.25911,53.35238],[-6.25907,53.35228],[-6.25888,53.35186],[-6.25875,53.35154],[-6.25862,53.35125],[-6.25828,53.35047],[-6.25817,53.3502],[-6.25815,53.35015],[-6.25799,53.34977],[-6.25776,53.34918],[-6.25766,53.34897],[-6.25762,53.34887],[-6.2576,53.34881],[-6.25759,53.34876],[-6.25759,53.34873],[-6.25759,53.3487],[-6.25759,53.34868],[-6.25759,53.34867],[-6.25759,53.34866],[-6.25759,53.34864],[-6.25759,53.34862],[-6.25759,53.34858],[-6.25758,53.34852],[-6.25756,53.34847],[-6.2575,53.34831],[-6.25742,53.34809],[-6.25741,53.34804],[-6.2574,53.34799],[-6.2574,53.34796],[-6.25739,53.3479],[-6.25738,53.34787],[-6.25737,53.34783]],[[-6.25737,53.34783],[-6.2573,53.34742]],[[-6.2573,53.34742],[-6.2573,53.34739],[-6.25729,53.34736],[-6.25728,53.34731],[-6.25727,53.34723],[-6.25725,53.3471]],[[-6.25725,53.3471],[-6.2572,53.3469],[-6.25718,53.34678],[-6.25716,53.34667],[-6.25704,53.34615],[-6.25701,53.34603],[-6.25699,53.34597],[-6.25699,53.34591],[-6.25699,53.34588],[-6.25699,53.34585],[-6.257,53.34583],[-6.25701,53.3458],[-6.25703,53.34577],[-6.25704,53.34576],[-6.25707,53.34572],[-6.25709,53.34571],[-6.25711,53.34569],[-6.25715,53.34566],[-6.2572,53.34564],[-6.25726,53.34561],[-6.25729,53.3456],[-6.25732,53.34559],[-6.25736,53.34558],[-6.25749,53.34556],[-6.2577,53.34552],[-6.25787,53.34547],[-6.25798,53.34544],[-6.25811,53.34539],[-6.25827,53.34533],[-6.25841,53.34527],[-6.25852,53.34523],[-6.25863,53.34518],[-6.25877,53.34512],[-6.25887,53.34506]],[[-6.25887,53.34506],[-6.25902,53.34498],[-6.25907,53.34495],[-6.2591,53.34491],[-6.25913,53.34488],[-6.25935,53.34462],[-6.25937,53.34459],[-6.25939,53.34456],[-6.2594,53.34454],[-6.2594,53.34451],[-6.25941,53.34448],[-6.25941,53.34442],[-6.25939,53.34437],[-6.25939,53.34436],[-6.25937,53.34431],[-6.25934,53.34427],[-6.2593,53.34421],[-6.25923,53.3441],[-6.25921,53.34406],[-6.25919,53.34402],[-6.25917,53.34398],[-6.25917,53.34394],[-6.25917,53.3439],[-6.25917,53.34386],[-6.25918,53.34378],[-6.25919,53.34374],[-6.2592,53.34368],[-6.25922,53.34361],[-6.25925,53.34351],[-6.25927,53.34345],[-6.25927,53.3434],[-6.25927,53.34339],[-6.25926,53.34336],[-6.25925,53.34334],[-6.25923,53.34331],[-6.25921,53.34329],[-6.25918,53.34327],[-6.25914,53.34325],[-6.25909,53.34323],[-6.25904,53.34321],[-6.25897,53.34319],[-6.2581,53.34302],[-6.25804,53.34301],[-6.25799,53.34299],[-6.25794,53.34298],[-6.25792,53.34297],[-6.2579,53.34296],[-6.25786,53.34293],[-6.25782,53.34291],[-6.25779,53.34287],[-6.25778,53.34285],[-6.25777,53.34285],[-6.25776,53.34282],[-6.25775,53.34279],[-6.25775,53.34277],[-6.25776,53.34275],[-6.25776,53.34272],[-6.25795,53.34207],[-6.25804,53.34177],[-6.25806,53.34169],[-6.2581,53.34157],[-6.25818,53.34131],[-6.25824,53.34109],[-6.25841,53.34048],[-6.25848,53.34024],[-6.2585,53.34018],[-6.25859,53.33989],[-6.25864,53.33969],[-6.25865,53.33966],[-6.25867,53.33963],[-6.2587,53.33959],[-6.25871,53.33957],[-6.25872,53.33956],[-6.25875,53.33955],[-6.25876,53.33954],[-6.25879,53.33952],[-6.25881,53.33951],[-6.25882,53.3395],[-6.25887,53.33949],[-6.25889,53.33949],[-6.25889,53.33948],[-6.25892,53.33948]],[[-6.25892,53.33948],[-6.25895,53.33947],[-6.25898,53.33947],[-6.25904,53.33947],[-6.25909,53.33947],[-6.25912,53.33947],[-6.25916,53.33947],[-6.25924,53.33949],[-6.2596,53.33958],[-6.2602,53.33974],[-6.26026,53.33976],[-6.26032,53.33977],[-6.26036,53.33978],[-6.2604,53.33978],[-6.26044,53.33979],[-6.26047,53.33979],[-6.2605,53.33979],[-6.26053,53.33979],[-6.26056,53.33979],[-6.26058,53.33978],[-6.26062,53.33977],[-6.26065,53.33977],[-6.26068,53.33976],[-6.26071,53.33975],[-6.26075,53.33972],[-6.26077,53.33971],[-6.2608,53.33969],[-6.26082,53.33967],[-6.26084,53.33965]],[[-6.26084,53.33965],[-6.26088,53.3396],[-6.26092,53.33956],[-6.26102,53.33943],[-6.26113,53.33929],[-6.26132,53.33906],[-6.26153,53.3388],[-6.2617,53.33857],[-6.26176,53.3385],[-6.262,53.33819],[-6.26224,53.33789],[-6.26231,53.33781],[-6.26233,53.33778],[-6.26237,53.33775],[-6.26239,53.33772],[-6.26242,53.3377],[-6.26247,53.33766],[-6.2625,53.33764],[-6.26255,53.3376],[-6.26258,53.33757],[-6.26262,53.33754],[-6.26265,53.3375],[-6.26268,53.33747],[-6.2627,53.33746]],[[-6.2627,53.33746],[-6.26273,53.33742],[-6.26275,53.33739],[-6.26278,53.33734],[-6.26282,53.33728],[-6.26285,53.33722],[-6.26289,53.33713],[-6.26306,53.3368],[-6.26308,53.33676],[-6.2631,53.33672],[-6.26313,53.33664],[-6.26314,53.3366],[-6.26315,53.33656],[-6.26318,53.33643],[-6.26322,53.33624],[-6.26325,53.33604],[-6.26326,53.33598],[-6.26327,53.33591],[-6.26327,53.33581],[-6.26327,53.33574],[-6.26327,53.33568],[-6.26326,53.33561],[-6.26324,53.33544],[-6.26322,53.33533],[-6.2632,53.33517],[-6.26317,53.33493],[-6.26314,53.33481],[-6.26312,53.33468],[-6.2631,53.3346],[-6.26307,53.33452],[-6.26301,53.33437],[-6.26289,53.33409],[-6.26281,53.33386],[-6.26269,53.3336],[-6.26259,53.33337]],[[-6.26259,53.33337],[-6.2625,53.33314],[-6.26247,53.33306],[-6.26244,53.333],[-6.26242,53.33296],[-6.2624,53.33294],[-6.26239,53.33293],[-6.26236,53.33291],[-6.26234,53.33289],[-6.26229,53.33286],[-6.26225,53.33285],[-6.2622,53.33283],[-6.26214,53.33282],[-6.26208,53.33282],[-6.26198,53.33281],[-6.2618,53.33282],[-6.26141,53.33283],[-6.26091,53.33284],[-6.26084,53.33284],[-6.26077,53.33283],[-6.26072,53.33282],[-6.26069,53.33281],[-6.26066,53.33281],[-6.26063,53.3328],[-6.2606,53.33279],[-6.26056,53.33277],[-6.26051,53.33274],[-6.26049,53.33271],[-6.26046,53.33268],[-6.26045,53.33266],[-6.26043,53.33261],[-6.2604,53.3325],[-6.26038,53.33244],[-6.26036,53.33237],[-6.26035,53.33231],[-6.26033,53.33226],[-6.26031,53.33222],[-6.26029,53.33219],[-6.26026,53.33215],[-6.26022,53.3321],[-6.2602,53.33208],[-6.26017,53.33205],[-6.26011,53.33201],[-6.26005,53.33197],[-6.25998,53.33192],[-6.25992,53.3319],[-6.25984,53.33186],[-6.25967,53.33182],[-6.2596,53.3318],[-6.25952,53.33177],[-6.25946,53.33176],[-6.25941,53.33174]],[[-6.25896,53.33129],[-6.259,53.33139],[-6.25903,53.33147],[-6.25906,53.33151],[-6.25909,53.33155],[-6.25913,53.33159],[-6.25918,53.33163],[-6.25922,53.33165],[-6.25928,53.33169],[-6.25933,53.33171],[-6.25941,53.33174]],[[-6.25896,53.33129],[-6.25893,53.33119],[-6.25887,53.33106],[-6.25883,53.33097],[-6.25878,53.33088],[-6.25873,53.3308],[-6.25868,53.33072],[-6.2586,53.33062],[-6.25855,53.33055],[-6.25848,53.33047]],[[-6.25848,53.33047],[-6.25844,53.33043],[-6.2584,53.33039],[-6.25833,53.33031],[-6.25821,53.3302],[-6.25815,53.33014],[-6.25808,53.33007],[-6.25795,53.32994],[-6.25784,53.32983],[-6.25778,53.32975],[-6.25773,53.3297],[-6.25762,53.32957]],[[-6.25762,53.32957],[-6.2575,53.32943]],[[-6.2575,53.32943],[-6.25744,53.32936],[-6.25737,53.32926],[-6.25733,53.3292],[-6.25726,53.3291],[-6.25721,53.32903],[-6.25715,53.32894],[-6.25707,53.32882],[-6.257,53.32871],[-6.25698,53.32866]],[[-6.25698,53.32866],[-6.25691,53.32854]],[[-6.25691,53.32854],[-6.25687,53.32846],[-6.25683,53.32838],[-6.25681,53.32833],[-6.25677,53.32824],[-6.25671,53.32811],[-6.25666,53.328],[-6.25662,53.32791],[-6.25658,53.3278],[-6.25653,53.32767],[-6.25649,53.32753],[-6.25646,53.32744],[-6.25643,53.32734],[-6.25641,53.32724],[-6.25637,53.32712],[-6.25633,53.32698],[-6.25625,53.32669]],[[-6.25625,53.32669],[-6.25614,53.3263],[-6.25611,53.32621],[-6.25608,53.32609]],[[-6.25608,53.32609],[-6.25576,53.32495]],[[-6.25576,53.32495],[-6.25572,53.32481]],[[-6.25493,53.32197],[-6.25505,53.3224],[-6.25515,53.32276],[-6.2552,53.32295],[-6.25534,53.32347],[-6.25537,53.32357],[-6.25548,53.32398],[-6.25558,53.32431],[-6.25563,53.32451],[-6.25569,53.3247],[-6.25572,53.32481]],[[-6.25493,53.32197],[-6.25484,53.32164],[-6.25474,53.32129],[-6.25471,53.32119],[-6.2547,53.32113],[-6.25468,53.32108],[-6.25462,53.32085],[-6.25452,53.32051],[-6.25446,53.32029],[-6.25439,53.32002],[-6.25419,53.31928],[-6.25417,53.31923],[-6.254,53.31861],[-6.25394,53.31838],[-6.2539,53.31823],[-6.25385,53.31805],[-6.25372,53.3176],[-6.2537,53.3175],[-6.25361,53.3172],[-6.25352,53.31688],[-6.25348,53.3167],[-6.25341,53.31648],[-6.25335,53.31624],[-6.25318,53.31563],[-6.25306,53.31521],[-6.25297,53.31488]],[[-6.25297,53.31488],[-6.25295,53.3148],[-6.25284,53.31441],[-6.25273,53.31402],[-6.25255,53.31336],[-6.25247,53.31308],[-6.25229,53.31243],[-6.25226,53.31232]],[[-6.25226,53.31232],[-6.2522,53.31211],[-6.25208,53.31168],[-6.25204,53.31153],[-6.25195,53.31122],[-6.25185,53.31083],[-6.2518,53.31059],[-6.25179,53.31052],[-6.25178,53.31044],[-6.25175,53.31028],[-6.25171,53.30991],[-6.25166,53.30968]],[[-6.25166,53.30968],[-6.25158,53.30909],[-6.25154,53.30874]],[[-6.25154,53.30874],[-6.25149,53.30835],[-6.25145,53.30799]],[[-6.25145,53.30799],[-6.25141,53.30762]],[[-6.25141,53.30762],[-6.25137,53.30729],[-6.25133,53.3069]],[[-6.25133,53.3069],[-6.25128,53.30656],[-6.25124,53.30622],[-6.2512,53.30584]],[[-6.2512,53.30584],[-6.25115,53.30545],[-6.2511,53.30502],[-6.25105,53.3046],[-6.251,53.3042],[-6.25095,53.30381],[-6.25091,53.30341],[-6.25084,53.30289],[-6.25081,53.30259],[-6.25077,53.30227],[-6.25071,53.30179],[-6.25069,53.30159],[-6.25065,53.30121],[-6.25061,53.3009],[-6.25058,53.30067],[-6.25056,53.30047],[-6.25048,53.29995],[-6.25046,53.29979],[-6.25042,53.29963],[-6.25035,53.29931],[-6.25027,53.29903],[-6.25021,53.29882],[-6.25014,53.29861],[-6.25001,53.29825],[-6.24993,53.29807],[-6.24985,53.29788],[-6.2496,53.29735],[-6.24948,53.29712],[-6.24927,53.29677],[-6.24907,53.29643],[-6.24884,53.29611],[-6.24864,53.29583],[-6.24852,53.29566],[-6.24833,53.29541]],[[-6.24833,53.29541],[-6.24809,53.29509],[-6.24795,53.29492],[-6.24772,53.29464],[-6.24744,53.29433],[-6.24724,53.29415],[-6.24704,53.29397]],[[-6.24704,53.29397],[-6.24668,53.29367],[-6.24539,53.29262],[-6.24533,53.29257]],[[-6.24533,53.29257],[-6.24511,53.2924],[-6.24473,53.2921],[-6.24448,53.29192],[-6.24431,53.29179],[-6.24388,53.29148],[-6.24372,53.29137],[-6.24347,53.29119],[-6.24325,53.29103],[-6.24302,53.29086],[-6.2429,53.29077]],[[-6.2429,53.29077],[-6.24261,53.29053],[-6.24221,53.29022],[-6.24159,53.28974]],[[-6.24159,53.28974],[-6.24139,53.28959],[-6.24111,53.28939]],[[-6.24111,53.28939],[-6.24085,53.28919],[-6.24055,53.28896],[-6.24022,53.28871],[-6.23998,53.28853],[-6.23958,53.28823],[-6.23936,53.28807],[-6.23896,53.28774],[-6.23861,53.28747],[-6.23834,53.28727],[-6.23763,53.28674]],[[-6.23763,53.28674],[-6.23683,53.28617]],[[-6.23683,53.28617],[-6.23669,53.28607],[-6.23652,53.28597],[-6.23645,53.28593]],[[-6.23645,53.28593],[-6.23622,53.28579],[-6.23612,53.28574],[-6.23584,53.28559]],[[-6.23584,53.28559],[-6.23574,53.28554]],[[-6.23574,53.28554],[-6.23539,53.28538],[-6.23509,53.28524],[-6.23503,53.28522],[-6.23468,53.28506],[-6.23441,53.28495],[-6.23419,53.28486],[-6.23395,53.28478],[-6.23377,53.28472],[-6.23351,53.28464],[-6.23304,53.2845],[-6.23245,53.28433],[-6.23184,53.28417],[-6.23146,53.28408],[-6.23117,53.28402],[-6.23058,53.28389],[-6.22995,53.28376],[-6.22958,53.28368],[-6.2293,53.28364],[-6.22889,53.28357],[-6.22852,53.28351],[-6.22814,53.28345]],[[-6.22814,53.28345],[-6.22798,53.28343],[-6.22734,53.28335],[-6.22699,53.2833],[-6.22668,53.28326],[-6.2261,53.2832],[-6.22591,53.28318],[-6.22568,53.28315],[-6.22535,53.28312],[-6.22504,53.2831]],[[-6.22504,53.2831],[-6.22489,53.28309],[-6.22428,53.28305],[-6.22391,53.28303],[-6.2233,53.28298],[-6.22296,53.28295],[-6.22254,53.2829],[-6.2223,53.28287],[-6.22204,53.28284],[-6.22179,53.2828],[-6.22119,53.28271],[-6.22086,53.28266],[-6.22054,53.2826],[-6.22015,53.28252],[-6.21988,53.28246]],[[-6.21988,53.28246],[-6.21949,53.28238],[-6.21921,53.28231],[-6.21895,53.28224],[-6.2187,53.28218],[-6.21832,53.28207],[-6.21791,53.28195],[-6.2175,53.28182],[-6.21706,53.28168]],[[-6.21706,53.28168],[-6.21632,53.28143],[-6.21572,53.28124],[-6.21516,53.28105],[-6.21425,53.28076]],[[-6.21425,53.28076],[-6.21336,53.28046],[-6.21311,53.28038],[-6.21286,53.2803],[-6.21224,53.28009],[-6.21166,53.27989],[-6.2114,53.2798],[-6.21112,53.27971],[-6.21098,53.27967],[-6.21086,53.27963]],[[-6.21086,53.27963],[-6.21074,53.27959],[-6.21062,53.27956],[-6.21015,53.27941],[-6.20957,53.27923],[-6.20868,53.27895],[-6.20807,53.27876],[-6.20752,53.27858],[-6.2067,53.2783],[-6.20588,53.27804]],[[-6.20552,53.27788],[-6.20565,53.27793],[-6.20572,53.27797],[-6.20588,53.27804]],[[-6.20377,53.27729],[-6.20392,53.27734],[-6.20427,53.27746],[-6.20436,53.27749],[-6.20492,53.27768],[-6.20525,53.27779],[-6.20552,53.27788]],[[-6.20377,53.27729],[-6.20365,53.27723],[-6.20359,53.27719],[-6.20354,53.27716],[-6.20349,53.27711],[-6.20346,53.27706],[-6.20343,53.27702],[-6.20342,53.27697],[-6.20341,53.27692],[-6.2034,53.27686],[-6.20339,53.27667],[-6.20338,53.27649],[-6.20338,53.27645],[-6.20337,53.27639],[-6.20335,53.27622],[-6.20331,53.27595],[-6.20329,53.27579],[-6.20328,53.27567],[-6.20327,53.27554],[-6.20328,53.27542],[-6.20329,53.27533],[-6.20332,53.27521],[-6.20335,53.27509],[-6.20342,53.27492],[-6.20346,53.27482],[-6.20355,53.27467],[-6.20362,53.27456],[-6.20374,53.2744],[-6.20388,53.2742],[-6.20392,53.27416],[-6.20394,53.27413],[-6.20396,53.27407],[-6.20397,53.27402],[-6.20397,53.27396],[-6.20396,53.27392],[-6.20395,53.2739],[-6.20394,53.27386],[-6.20392,53.27383],[-6.20388,53.27378],[-6.20384,53.27374]],[[-6.20384,53.27374],[-6.2038,53.2737],[-6.2037,53.27365],[-6.20363,53.27361],[-6.20355,53.27358],[-6.20342,53.27355],[-6.20327,53.27351],[-6.2026,53.27335],[-6.20226,53.27328]],[[-6.20226,53.27328],[-6.20195,53.2732],[-6.20163,53.27313],[-6.2014,53.27307],[-6.20117,53.27302],[-6.20106,53.27299],[-6.20097,53.27296],[-6.20092,53.27293],[-6.20083,53.27288],[-6.20078,53.27284],[-6.20073,53.27279],[-6.20068,53.27272],[-6.20066,53.27269],[-6.20065,53.27266],[-6.20064,53.27262],[-6.20063,53.27258],[-6.20063,53.27253],[-6.20064,53.27249],[-6.20065,53.27245],[-6.20067,53.27242],[-6.20069,53.27239],[-6.20072,53.27234],[-6.20074,53.27231],[-6.20077,53.27228],[-6.20085,53.2722],[-6.20092,53.27213]],[[-6.20092,53.27213],[-6.20106,53.27199],[-6.20124,53.27182],[-6.20136,53.27172]],[[-6.20136,53.27172],[-6.20143,53.27166],[-6.2015,53.27161],[-6.20173,53.27146],[-6.20193,53.27133]],[[-6.20193,53.27133],[-6.20213,53.27121],[-6.20248,53.27097],[-6.20307,53.27059],[-6.20329,53.27045],[-6.20343,53.27036],[-6.20383,53.2701],[-6.20411,53.26991],[-6.20421,53.26985],[-6.2043,53.26979],[-6.20439,53.26973],[-6.20449,53.26965],[-6.20459,53.26956],[-6.20466,53.2695],[-6.20471,53.26945],[-6.20476,53.26939],[-6.20486,53.26927]],[[-6.20486,53.26927],[-6.205,53.2691],[-6.20506,53.26903],[-6.20513,53.26895],[-6.20525,53.26884],[-6.20533,53.26877],[-6.20543,53.26869],[-6.20556,53.26861],[-6.2057,53.26853],[-6.20582,53.26847],[-6.20596,53.2684],[-6.20609,53.26834],[-6.20624,53.26828],[-6.20635,53.26825],[-6.20648,53.2682],[-6.2066,53.26817],[-6.20675,53.26814],[-6.20693,53.2681],[-6.20714,53.26806],[-6.20731,53.26803],[-6.20758,53.26797],[-6.20772,53.26794],[-6.20791,53.26789]],[[-6.20791,53.26789],[-6.20814,53.26782],[-6.20829,53.26777],[-6.20844,53.26771],[-6.2086,53.26763],[-6.20868,53.26759],[-6.20877,53.26754],[-6.20886,53.26748],[-6.20899,53.26739],[-6.20906,53.26733],[-6.20912,53.26728],[-6.20919,53.26722],[-6.20925,53.26716],[-6.20935,53.26705],[-6.20942,53.26696],[-6.20965,53.26669],[-6.20972,53.26661],[-6.20999,53.26628],[-6.21017,53.26606],[-6.21043,53.26575],[-6.21053,53.26561],[-6.21061,53.26549],[-6.21066,53.26539],[-6.2107,53.26528],[-6.21073,53.26513],[-6.21077,53.26487],[-6.21078,53.26481],[-6.2108,53.26465],[-6.21083,53.26446],[-6.21085,53.26433],[-6.21088,53.26413],[-6.21089,53.26402],[-6.2109,53.2639],[-6.2109,53.26383],[-6.21089,53.26376],[-6.21086,53.26361],[-6.21083,53.2635],[-6.21078,53.26339],[-6.21071,53.26327],[-6.21062,53.26314],[-6.21049,53.263],[-6.21034,53.26286],[-6.21016,53.26273],[-6.21001,53.26264],[-6.20984,53.26255],[-6.20974,53.2625],[-6.20964,53.26246],[-6.20951,53.26241],[-6.20936,53.26236],[-6.20897,53.26222],[-6.20864,53.2621],[-6.20831,53.26199],[-6.20771,53.26178],[-6.20731,53.26164],[-6.20697,53.26152],[-6.20668,53.26142],[-6.20642,53.26133],[-6.20637,53.26131],[-6.20593,53.26115],[-6.2055,53.261],[-6.20537,53.26095],[-6.20505,53.26083],[-6.20465,53.26065],[-6.20434,53.2605],[-6.20404,53.26036],[-6.20378,53.26024],[-6.20355,53.26015],[-6.20324,53.26003],[-6.20274,53.25986],[-6.20234,53.25973],[-6.20193,53.2596],[-6.20153,53.25945],[-6.20073,53.25913],[-6.20034,53.25898],[-6.19979,53.25876],[-6.19922,53.25854],[-6.19905,53.25849],[-6.19885,53.25842],[-6.19837,53.25828],[-6.19794,53.25816],[-6.19725,53.25796],[-6.19689,53.25785],[-6.19675,53.25782],[-6.19639,53.25773],[-6.19593,53.25761],[-6.19547,53.2575],[-6.19495,53.25739],[-6.19433,53.25726],[-6.19383,53.25715],[-6.19326,53.25703],[-6.19273,53.25691],[-6.19217,53.25679],[-6.19129,53.2566],[-6.19018,53.25636],[-6.18989,53.25629],[-6.18977,53.25627],[-6.18943,53.2562],[-6.18872,53.25604],[-6.18786,53.25585],[-6.18743,53.25575],[-6.18702,53.25566],[-6.18622,53.25547],[-6.18585,53.25538],[-6.18533,53.25526],[-6.18516,53.25522],[-6.18501,53.25518],[-6.18442,53.25504],[-6.18408,53.25496],[-6.18396,53.25493],[-6.18382,53.2549],[-6.18372,53.25488],[-6.18354,53.25484],[-6.18336,53.25481],[-6.18328,53.2548],[-6.1832,53.25479],[-6.1831,53.25478],[-6.18296,53.25476],[-6.18285,53.25476],[-6.18278,53.25475],[-6.1827,53.25475],[-6.18257,53.25475],[-6.18246,53.25475],[-6.18235,53.25475],[-6.18224,53.25475],[-6.18213,53.25476],[-6.18199,53.25477],[-6.18183,53.25479],[-6.18169,53.25481]],[[-6.18169,53.25481],[-6.18162,53.25482],[-6.18155,53.25483],[-6.18145,53.25485],[-6.18138,53.25487],[-6.18131,53.25489],[-6.18123,53.2549],[-6.18116,53.25492],[-6.18105,53.25495],[-6.18093,53.25499],[-6.18079,53.25504],[-6.18067,53.25509],[-6.18051,53.25516],[-6.18037,53.25522],[-6.18021,53.25529],[-6.18007,53.25535],[-6.17995,53.2554],[-6.17984,53.25545],[-6.17968,53.25552],[-6.17958,53.25556],[-6.17947,53.25561],[-6.17934,53.25566]],[[-6.17934,53.25566],[-6.1792,53.2557],[-6.17913,53.25572],[-6.17904,53.25575],[-6.17896,53.25577],[-6.1789,53.25578],[-6.17873,53.25582],[-6.17857,53.25585],[-6.17844,53.25587],[-6.1783,53.25589],[-6.17818,53.2559],[-6.1781,53.25591],[-6.178,53.25592],[-6.17783,53.25592],[-6.17772,53.25592],[-6.17761,53.25592],[-6.17744,53.25592],[-6.17728,53.25591],[-6.17713,53.2559],[-6.17698,53.25588],[-6.17684,53.25586],[-6.17671,53.25584],[-6.17646,53.25579],[-6.17635,53.25576],[-6.17623,53.25573],[-6.17601,53.25566]],[[-6.17601,53.25566],[-6.17573,53.25557],[-6.17564,53.25554],[-6.17518,53.25539],[-6.17476,53.25524],[-6.17453,53.25517],[-6.17434,53.2551],[-6.17418,53.25505],[-6.17394,53.25498],[-6.1736,53.25488],[-6.17332,53.25481],[-6.17307,53.25475],[-6.17289,53.2547],[-6.1727,53.25465],[-6.17263,53.25464],[-6.1724,53.25459]],[[-6.1724,53.25459],[-6.17228,53.25456]],[[-6.17228,53.25456],[-6.17214,53.25452],[-6.17175,53.25444],[-6.17158,53.2544],[-6.17114,53.25431],[-6.17084,53.25425],[-6.17045,53.25416],[-6.17037,53.25415],[-6.16995,53.25405],[-6.1695,53.25394],[-6.16945,53.25393],[-6.16902,53.25383],[-6.16877,53.25378],[-6.16828,53.25367],[-6.16788,53.25358],[-6.16706,53.25338],[-6.16665,53.25328],[-6.16645,53.25323],[-6.16624,53.25318],[-6.16596,53.25312],[-6.16562,53.25305],[-6.1654,53.25301],[-6.16517,53.25297],[-6.16493,53.25293],[-6.16459,53.25288],[-6.16424,53.25283],[-6.16387,53.25278],[-6.16361,53.25275]],[[-6.16361,53.25275],[-6.16319,53.25271]],[[-6.16319,53.25271],[-6.16306,53.2527],[-6.16273,53.25268],[-6.1621,53.25266],[-6.16165,53.25265],[-6.16116,53.25263],[-6.16074,53.25261],[-6.16033,53.2526]],[[-6.16033,53.2526],[-6.16016,53.25259],[-6.15994,53.25258],[-6.15974,53.25255],[-6.15951,53.25251],[-6.15924,53.25244],[-6.15901,53.25237],[-6.15882,53.25231],[-6.15849,53.25216],[-6.15826,53.25205]],[[-6.15826,53.25205],[-6.15791,53.25185],[-6.15769,53.25172],[-6.15749,53.25162],[-6.15731,53.25153],[-6.15712,53.25144],[-6.157,53.25139],[-6.15658,53.25123],[-6.15616,53.25107],[-6.15578,53.25092],[-6.15541,53.25078],[-6.15499,53.25062],[-6.15456,53.25046],[-6.15452,53.25044],[-6.15407,53.25027],[-6.15394,53.25022],[-6.15386,53.25018],[-6.15362,53.25009],[-6.15314,53.24991],[-6.15287,53.24981],[-6.15257,53.24969],[-6.15197,53.24946],[-6.15165,53.24934],[-6.15133,53.24922],[-6.15113,53.24914],[-6.1507,53.24898],[-6.15041,53.24886],[-6.15007,53.24874],[-6.14993,53.24868],[-6.14967,53.24858],[-6.14953,53.24852],[-6.14938,53.24846],[-6.14928,53.24842],[-6.14917,53.24837],[-6.14908,53.24832],[-6.14903,53.2483],[-6.14898,53.24827],[-6.1489,53.24822],[-6.14883,53.24817],[-6.14873,53.2481],[-6.14867,53.24805],[-6.14859,53.24798],[-6.14852,53.24791],[-6.14845,53.24784],[-6.14841,53.24779],[-6.14835,53.24771],[-6.1483,53.24764],[-6.14827,53.24759],[-6.14823,53.24753],[-6.14821,53.24748],[-6.14819,53.24743],[-6.14816,53.24734],[-6.1481,53.24719],[-6.14805,53.24704],[-6.148,53.24693],[-6.14796,53.24684],[-6.14789,53.24672],[-6.14783,53.24665],[-6.14775,53.24656],[-6.14771,53.24651],[-6.14765,53.24645],[-6.14758,53.24639],[-6.14752,53.24634],[-6.14744,53.24628],[-6.14734,53.24621],[-6.14725,53.24615],[-6.14709,53.24606],[-6.14683,53.24591],[-6.14667,53.24582],[-6.14655,53.24576],[-6.14645,53.24569],[-6.14631,53.24561],[-6.14623,53.24556],[-6.1462,53.24555]],[[-6.1462,53.24555],[-6.14586,53.24536],[-6.14548,53.24514],[-6.14528,53.24502],[-6.145,53.24483],[-6.14481,53.24469],[-6.14465,53.24458],[-6.1445,53.24446],[-6.14434,53.24431],[-6.14421,53.2442],[-6.14414,53.24413],[-6.14403,53.24401],[-6.14388,53.24384],[-6.1438,53.24375],[-6.14369,53.24362]],[[-6.14369,53.24362],[-6.14362,53.24351],[-6.14351,53.24337],[-6.14342,53.24322],[-6.14336,53.24311],[-6.14325,53.24292],[-6.14314,53.24269],[-6.1431,53.24259],[-6.14305,53.2425],[-6.14302,53.24242],[-6.14291,53.24219],[-6.14285,53.24206],[-6.14274,53.24184],[-6.14268,53.24169],[-6.14263,53.2416]]]}}]}
